date;stationary_count;walking_count;running_count;total_conversation_duration;average_conversation_duration;phone_lock_count;total_phone_lock_duration;average_phone_lock_duration;dark_environment_count;total_dark_environment_duration;average_dark_environment_duration;unique_wifi_networks;unique_bluetooth_devices;unique_positions;mood;stress
2013-03-27 05;347;0;0;0;0;0;0;0;0;0;0;15;0;1;0;0
2013-03-27 06;348;0;0;0;0;0;0;0;0;0;0;19;0;1;0;0
2013-03-27 07;347;0;0;0;0;0;0;0;0;0;0;16;0;1;0;0
2013-03-27 08;348;0;0;0;0;0;0;0;0;0;0;18;0;1;0;0
2013-03-27 09;347;0;0;0;0;0;0;0;0;0;0;17;0;1;0;0
2013-03-27 10;348;0;0;0;0;0;0;0;0;0;0;18;0;1;0;0
2013-03-27 11;347;0;0;0;0;0;0;0;0;0;0;13;0;1;0;0
2013-03-27 12;348;0;0;0;0;0;0;0;0;0;0;16;0;1;0;0
2013-03-27 13;277;34;19;0;0;0;0;0;0;0;0;90;0;1;0;0
2013-03-27 14;255;18;28;3097;1548.5;0;0;0;0;0;0;96;5;1;0;0
2013-03-27 15;289;7;2;3418;1709.0;0;0;0;0;0;0;32;9;1;0;0
2013-03-27 16;303;29;0;8723;4361.5;0;0;0;0;0;0;70;13;2;0;0
2013-03-27 17;273;43;0;0;0;0;0;0;0;0;0;147;10;2;0;4
2013-03-27 18;235;68;13;756;756.0;0;0;0;0;0;0;109;4;2;0;0
2013-03-27 19;341;0;0;1040;260.0;0;0;0;1;7326;7326.0;12;0;1;0;0
2013-03-27 20;347;0;0;1089;181.5;1;6250;6250.0;0;0;0;11;0;1;0;0
2013-03-27 21;344;0;0;1997;332.8333333333333;0;0;0;0;0;0;12;0;1;0;0
2013-03-27 22;335;1;0;3348;558.0;1;14790;14790.0;0;0;0;21;0;1;0;0
2013-03-27 23;347;0;0;1695;847.5;0;0;0;1;14102;14102.0;31;0;1;0;0
2013-03-28 00;348;0;0;0;0;0;0;0;0;0;0;31;0;1;0;0
2013-03-28 01;347;0;0;0;0;0;0;0;0;0;0;32;0;1;0;0
2013-03-28 02;340;4;0;0;0;1;34325;34325.0;0;0;0;28;0;1;0;0
2013-03-28 03;347;1;0;1059;353.0;0;0;0;1;33313;33313.0;39;0;1;0;0
2013-03-28 04;347;0;0;81;81.0;0;0;0;0;0;0;37;0;1;0;0
2013-03-28 05;348;0;0;0;0;0;0;0;0;0;0;37;1;1;0;0
2013-03-28 06;347;0;0;0;0;0;0;0;0;0;0;44;0;1;0;0
2013-03-28 07;347;0;0;0;0;0;0;0;0;0;0;39;0;1;0;0
2013-03-28 08;348;0;0;0;0;0;0;0;0;0;0;45;0;1;0;0
2013-03-28 09;347;0;0;0;0;0;0;0;0;0;0;34;0;1;0;0
2013-03-28 10;348;0;0;0;0;0;0;0;0;0;0;34;0;1;0;0
2013-03-28 11;347;0;0;0;0;0;0;0;0;0;0;40;0;1;0;0
2013-03-28 12;347;0;0;0;0;1;6244;6244.0;0;0;0;33;0;1;0;0
2013-03-28 13;293;15;18;0;0;0;0;0;0;0;0;45;0;1;0;0
2013-03-28 14;306;25;2;4498;1124.5;0;0;0;0;0;0;97;6;1;0;0
2013-03-28 15;286;20;22;71;71.0;1;20055;20055.0;0;0;0;75;9;1;0;0
2013-03-28 16;348;0;0;60;60.0;0;0;0;0;0;0;31;0;1;0;0
2013-03-28 17;347;0;0;0;0;0;0;0;0;0;0;37;0;1;0;0
2013-03-28 18;348;0;0;0;0;0;0;0;0;0;0;25;2;1;0;0
2013-03-28 19;347;0;0;0;0;0;0;0;1;5419;5419.0;26;0;1;0;0
2013-03-28 20;347;0;0;0;0;0;0;0;0;0;0;32;0;1;0;0
2013-03-28 21;330;7;0;2131;710.3333333333334;1;3690;3690.0;1;3673;3673.0;24;0;1;0;0
2013-03-28 22;346;0;0;1130;376.6666666666667;1;5104;5104.0;0;0;0;18;0;1;0;0
2013-03-28 23;348;0;0;849;283.0;0;0;0;0;0;0;23;0;1;0;0
2013-03-29 00;291;46;0;1916;479.0;1;7550;7550.0;1;7546;7546.0;91;14;1;0;0
2013-03-29 01;347;0;0;676;169.0;0;0;0;0;0;0;35;16;1;0;0
2013-03-29 02;293;39;0;1604;320.8;1;4521;4521.0;0;0;0;67;15;1;0;0
2013-03-29 03;348;0;0;2511;502.2;0;0;0;0;0;0;26;0;1;0;0
2013-03-29 04;349;0;0;2985;746.25;1;30533;30533.0;0;0;0;25;0;1;0;0
2013-03-29 05;347;0;0;656;328.0;0;0;0;0;0;0;24;0;1;0;0
2013-03-29 06;348;0;0;0;0;0;0;0;0;0;0;28;0;1;0;0
2013-03-29 07;347;0;0;0;0;0;0;0;0;0;0;23;0;1;0;0
2013-03-29 08;348;0;0;0;0;0;0;0;0;0;0;25;0;1;0;0
2013-03-29 09;347;0;0;0;0;0;0;0;0;0;0;26;0;1;0;0
2013-03-29 10;348;0;0;0;0;0;0;0;0;0;0;24;0;1;0;0
2013-03-29 11;347;0;0;0;0;0;0;0;0;0;0;24;0;1;0;0
2013-03-29 12;347;0;0;0;0;1;4236;4236.0;0;0;0;28;0;1;0;0
2013-03-29 13;282;25;39;0;0;0;0;0;0;0;0;39;0;1;0;0
2013-03-29 14;269;38;29;2077;692.3333333333334;0;0;0;0;0;0;138;5;1;0;0
2013-03-29 15;327;1;1;3247;1623.5;0;0;0;0;0;0;24;9;1;0;0
2013-03-29 16;249;32;3;8431;4215.5;0;0;0;0;0;0;65;13;2;0;0
2013-03-29 17;271;56;0;0;0;1;9134;9134.0;0;0;0;106;8;2;0;0
2013-03-29 18;293;40;0;0;0;0;0;0;1;4359;4359.0;81;1;2;0;0
2013-03-29 19;300;21;0;0;0;1;5862;5862.0;1;5789;5789.0;21;0;1;0;0
2013-03-29 20;348;0;0;0;0;0;0;0;0;0;0;23;0;1;0;0
2013-03-29 21;336;0;0;232;116.0;0;0;0;0;0;0;32;1;1;0;0
2013-03-29 22;347;0;0;0;0;1;9104;9104.0;1;6630;6630.0;32;1;1;0;0
2013-03-29 23;347;0;0;675;225.0;0;0;0;0;0;0;41;0;1;0;1
2013-03-30 00;348;0;0;1130;376.6666666666667;1;16427;16427.0;1;16409;16409.0;39;1;1;0;0
2013-03-30 01;348;0;0;0;0;0;0;0;0;0;0;45;0;1;0;0
2013-03-30 02;348;0;0;252;252.0;0;0;0;0;0;0;32;0;1;0;0
2013-03-30 03;347;0;0;444;148.0;0;0;0;0;0;0;29;0;1;0;0
2013-03-30 04;326;0;0;879;293.0;0;0;0;0;0;0;30;0;1;0;0
2013-03-30 05;317;3;0;1926;642.0;1;27805;27805.0;1;27049;27049.0;31;0;1;0;0
2013-03-30 06;348;0;0;0;0;0;0;0;0;0;0;25;0;1;0;0
2013-03-30 07;347;0;0;0;0;0;0;0;0;0;0;25;0;1;0;0
2013-03-30 08;348;0;0;0;0;0;0;0;0;0;0;24;0;1;0;0
2013-03-30 09;347;0;0;0;0;0;0;0;0;0;0;29;0;1;0;0
2013-03-30 10;348;0;0;0;0;0;0;0;0;0;0;24;0;1;0;0
2013-03-30 11;347;0;0;0;0;0;0;0;0;0;0;24;0;1;0;0
2013-03-30 12;286;32;0;0;0;1;4393;4393.0;0;0;0;63;0;1;0;0
2013-03-30 13;328;15;0;3813;1906.5;0;0;0;1;4057;4057.0;86;3;1;0;0
2013-03-30 14;271;68;0;0;0;0;0;0;0;0;0;111;3;2;0;0
2013-03-30 15;342;0;0;61;61.0;0;0;0;0;0;0;29;0;1;0;0
2013-03-30 16;345;0;0;0;0;1;4380;4380.0;0;0;0;30;0;1;0;0
2013-03-30 17;348;0;0;0;0;0;0;0;0;0;0;25;0;1;0;0
2013-03-30 18;337;0;0;0;0;0;0;0;0;0;0;20;0;1;0;0
2013-03-30 19;265;19;0;1745;872.5;0;0;0;0;0;0;18;0;1;0;0
2013-03-30 20;329;0;0;2087;695.6666666666666;1;7131;7131.0;0;0;0;24;0;1;0;0
2013-03-30 21;330;0;0;1432;358.0;0;0;0;0;0;0;30;0;1;0;0
2013-03-30 22;330;6;0;202;101.0;0;0;0;0;0;0;21;0;1;0;0
2013-03-30 23;308;5;2;1348;449.3333333333333;0;0;0;0;0;0;26;0;1;0;4
2013-03-31 00;32;164;35;778;259.3333333333333;0;0;0;0;0;0;195;1;2;0;0
2013-03-31 01;261;57;0;1090;545.0;0;0;0;0;0;0;75;1;1;0;0
2013-03-31 03;344;0;0;0;0;0;0;0;0;0;0;24;0;1;0;0
2013-03-31 04;342;0;0;0;0;1;10100;10100.0;1;10103;10103.0;20;0;1;0;0
2013-03-31 05;347;0;0;251;251.0;0;0;0;0;0;0;27;0;1;0;0
2013-03-31 06;347;0;0;0;0;0;0;0;0;0;0;24;0;1;0;0
2013-03-31 07;351;0;0;0;0;1;24641;24641.0;1;23484;23484.0;21;0;1;0;0
2013-03-31 08;347;0;0;0;0;0;0;0;0;0;0;19;0;1;0;0
2013-03-31 09;347;0;0;0;0;0;0;0;0;0;0;22;0;1;0;0
2013-03-31 10;347;0;0;0;0;0;0;0;0;0;0;22;0;1;0;0
2013-03-31 11;347;0;0;0;0;0;0;0;0;0;0;22;0;1;0;0
2013-03-31 12;347;0;0;0;0;0;0;0;0;0;0;20;0;1;0;0
2013-03-31 13;347;0;0;0;0;0;0;0;0;0;0;23;0;1;0;0
2013-03-31 14;304;30;1;474;474.0;0;0;0;0;0;0;49;0;1;0;0
2013-03-31 15;223;75;30;3247;1623.5;1;6794;6794.0;0;0;0;238;2;1;0;0
2013-03-31 16;225;88;5;1664;832.0;0;0;0;0;0;0;192;5;1;0;0
2013-03-31 17;341;0;0;1155;385.0;1;20424;20424.0;0;0;0;28;0;1;0;0
2013-03-31 18;345;0;0;0;0;0;0;0;0;0;0;29;0;1;0;0
2013-03-31 19;348;0;0;0;0;0;0;0;1;16160;16160.0;28;0;1;0;0
2013-03-31 20;347;0;0;0;0;0;0;0;0;0;0;27;0;1;0;0
2013-03-31 21;345;0;0;0;0;0;0;0;0;0;0;29;0;1;0;0
2013-03-31 22;347;0;0;0;0;0;0;0;0;0;0;22;0;1;0;0
2013-03-31 23;283;34;0;1745;872.5;0;0;0;1;3605;3605.0;61;1;1;0;0
2013-04-01 00;258;56;0;1917;1917.0;0;0;0;0;0;0;75;4;1;0;0
2013-04-01 01;348;0;0;1241;620.5;0;0;0;0;0;0;23;0;1;0;0
2013-04-01 02;346;0;0;857;857.0;0;0;0;0;0;0;23;0;1;0;0
2013-04-01 03;347;0;0;625;625.0;0;0;0;0;0;0;23;0;1;0;0
2013-04-01 04;347;0;0;0;0;0;0;0;0;0;0;20;0;1;0;0
2013-04-01 05;347;0;0;0;0;0;0;0;0;0;0;24;0;1;0;0
2013-04-01 06;347;0;0;0;0;0;0;0;0;0;0;18;0;1;0;0
2013-04-01 07;349;0;0;0;0;0;0;0;0;0;0;25;0;1;0;0
2013-04-01 08;347;0;0;0;0;0;0;0;0;0;0;20;0;1;0;0
2013-04-01 09;347;0;0;0;0;0;0;0;0;0;0;21;0;1;0;0
2013-04-01 10;347;0;0;0;0;0;0;0;0;0;0;23;0;1;0;0
2013-04-01 11;347;0;0;0;0;0;0;0;0;0;0;24;0;1;0;0
2013-04-01 12;346;0;0;0;0;0;0;0;0;0;0;21;0;1;0;0
2013-04-01 13;346;0;0;0;0;0;0;0;0;0;0;25;0;1;0;0
2013-04-01 14;315;27;0;0;0;0;0;0;0;0;0;104;0;1;0;0
2013-04-01 15;276;47;21;2945;2945.0;0;0;0;0;0;0;152;5;1;0;0
2013-04-01 16;325;18;0;3963;3963.0;0;0;0;0;0;0;29;11;1;0;0
2013-04-01 17;311;22;0;4074;2037.0;1;6235;6235.0;1;6209;6209.0;69;12;2;0;0
2013-04-01 18;295;38;0;81;81.0;0;0;0;0;0;0;49;7;1;0;0
2013-04-01 19;346;0;0;60;60.0;1;4676;4676.0;0;0;0;22;0;1;0;0
2013-04-01 20;348;0;0;221;110.5;0;0;0;1;4610;4610.0;19;0;1;0;0
2013-04-01 21;333;9;0;2117;2117.0;0;0;0;1;4564;4564.0;19;0;1;0;0
2013-04-01 22;347;0;0;1724;431.0;0;0;0;0;0;0;12;0;1;0;0
2013-04-01 23;307;30;1;2944;1472.0;0;0;0;0;0;0;33;4;1;0;0
2013-04-02 00;331;0;0;3207;3207.0;0;0;0;0;0;0;10;3;1;0;0
2013-04-02 01;314;23;0;0;0;0;0;0;0;0;0;44;4;1;0;0
2013-04-02 02;347;0;0;0;0;0;0;0;0;0;0;28;0;1;0;0
2013-04-02 03;347;0;0;1432;477.3333333333333;0;0;0;0;0;0;24;0;1;0;0
2013-04-02 04;347;0;0;0;0;0;0;0;0;0;0;20;0;1;0;0
2013-04-02 05;347;0;0;0;0;0;0;0;0;0;0;21;0;1;0;0
2013-04-02 06;348;0;0;0;0;0;0;0;0;0;0;22;0;1;0;0
2013-04-02 07;347;0;0;0;0;0;0;0;0;0;0;22;0;1;0;0
2013-04-02 08;348;0;0;0;0;0;0;0;0;0;0;20;0;1;0;0
2013-04-02 09;347;0;0;0;0;0;0;0;0;0;0;19;0;1;0;0
2013-04-02 10;348;0;0;0;0;0;0;0;0;0;0;19;0;1;0;0
2013-04-02 11;348;0;0;0;0;0;0;0;0;0;0;19;0;1;0;0
2013-04-02 12;346;0;0;0;0;0;0;0;0;0;0;24;0;1;0;0
2013-04-02 13;348;0;0;0;0;0;0;0;0;0;0;22;0;1;0;0
2013-04-02 14;308;29;0;0;0;0;0;0;0;0;0;41;0;1;0;0
2013-04-02 15;297;34;1;3147;1573.5;1;8553;8553.0;1;5291;5291.0;99;3;1;0;0
2013-04-02 16;327;9;0;4488;1122.0;0;0;0;0;0;0;48;0;1;0;0
2013-04-02 17;335;1;0;1351;675.5;0;0;0;0;0;0;32;0;1;0;0
2013-04-02 18;309;4;0;4186;2093.0;0;0;0;0;0;0;34;0;1;0;0
2013-04-02 19;282;30;2;1785;1785.0;1;19984;19984.0;1;6986;6986.0;47;0;1;0;0
2013-04-02 20;332;8;3;3903;3903.0;0;0;0;0;0;0;31;0;1;0;0
2013-04-02 21;284;54;0;2290;1145.0;0;0;0;1;5411;5411.0;45;0;1;0;0
2013-04-02 22;320;21;0;1805;1805.0;0;0;0;0;0;0;22;0;1;0;0
2013-04-02 23;281;34;23;4114;2057.0;0;0;0;1;5111;5111.0;155;0;2;0;0
2013-04-03 00;260;76;0;3600;1800.0;0;0;0;0;0;0;122;0;2;0;0
2013-04-03 01;295;30;0;1522;1522.0;1;12560;12560.0;1;12566;12566.0;57;0;1;0;0
2013-04-03 02;276;51;0;111;111.0;0;0;0;0;0;0;53;0;1;0;0
2013-04-03 03;348;0;0;898;224.5;0;0;0;0;0;0;19;0;1;0;0
2013-04-03 04;347;0;0;0;0;0;0;0;0;0;0;19;0;1;0;0
2013-04-03 05;333;0;0;0;0;1;4152;4152.0;1;4183;4183.0;26;0;1;0;0
2013-04-03 06;346;0;0;0;0;0;0;0;0;0;0;27;0;1;0;0
2013-04-03 07;333;5;0;0;0;1;26266;26266.0;1;21635;21635.0;35;0;1;0;0
2013-04-03 08;348;0;0;0;0;0;0;0;0;0;0;31;0;1;0;0
2013-04-03 09;347;0;0;0;0;0;0;0;0;0;0;29;0;1;0;0
2013-04-03 10;348;0;0;0;0;0;0;0;0;0;0;35;0;1;0;1
2013-04-03 11;347;0;0;0;0;0;0;0;0;0;0;28;0;1;0;0
2013-04-03 12;348;0;0;0;0;0;0;0;0;0;0;29;0;1;0;0
2013-04-03 13;347;0;0;0;0;0;0;0;0;0;0;29;0;1;0;0
2013-04-03 14;305;9;24;0;0;1;4027;4027.0;0;0;0;94;0;1;0;0
2013-04-03 15;279;6;44;2710;903.3333333333334;0;0;0;0;0;0;113;0;1;0;0
2013-04-03 16;347;0;2;9963;9963.0;0;0;0;0;0;0;15;0;1;0;0
2013-04-03 17;275;40;5;0;0;1;5791;5791.0;0;0;0;82;0;2;0;0
2013-04-03 18;263;45;15;353;353.0;0;0;0;0;0;0;145;0;2;0;0
2013-04-03 19;265;60;0;1987;1987.0;0;0;0;0;0;0;132;0;2;0;0
2013-04-03 20;327;0;0;0;0;1;20132;20132.0;0;0;0;20;0;1;0;0
2013-04-03 21;347;0;0;0;0;0;0;0;1;6070;6070.0;21;0;1;0;0
2013-04-03 22;346;0;0;0;0;0;0;0;0;0;0;25;0;1;0;0
2013-04-03 23;280;39;11;4195;1398.3333333333333;0;0;0;1;7498;7498.0;148;0;2;0;0
2013-04-04 00;305;40;0;1352;1352.0;0;0;0;0;0;0;60;0;1;0;0
2013-04-04 01;144;90;0;1543;771.5;1;9778;9778.0;0;0;0;112;0;2;0;0
2013-04-04 02;346;0;0;302;302.0;0;0;0;0;0;0;36;0;1;0;0
2013-04-04 03;347;0;0;1785;446.25;0;0;0;0;0;0;42;0;1;0;0
2013-04-04 04;296;40;0;1543;257.1666666666667;1;31771;31771.0;1;31771;31771.0;65;0;1;0;0
2013-04-04 05;346;0;0;0;0;0;0;0;0;0;0;32;0;1;0;0
2013-04-04 06;348;0;0;0;0;0;0;0;0;0;0;33;0;1;0;0
2013-04-04 07;346;0;0;0;0;0;0;0;0;0;0;38;0;1;0;0
2013-04-04 08;348;0;0;0;0;0;0;0;0;0;0;33;0;1;0;0
2013-04-04 09;347;0;0;0;0;0;0;0;0;0;0;29;0;1;0;0
2013-04-04 10;348;0;0;0;0;0;0;0;0;0;0;36;0;1;0;0
2013-04-04 11;347;0;0;0;0;0;0;0;0;0;0;35;0;1;0;0
2013-04-04 12;348;0;0;0;0;0;0;0;0;0;0;28;0;1;0;0
2013-04-04 13;347;0;0;0;0;0;0;0;0;0;0;35;0;1;0;0
2013-04-04 14;348;0;0;0;0;0;0;0;0;0;0;26;0;1;0;0
2013-04-04 15;347;0;0;0;0;0;0;0;0;0;0;38;0;1;0;0
2013-04-04 16;348;0;0;0;0;0;0;0;1;6689;6689.0;30;0;1;0;0
2013-04-04 17;347;0;0;0;0;0;0;0;0;0;0;17;0;1;0;0
2013-04-04 18;348;0;0;0;0;0;0;0;0;0;0;14;0;1;0;0
2013-04-04 19;347;0;0;0;0;0;0;0;0;0;0;20;0;1;0;0
2013-04-04 20;348;0;0;0;0;0;0;0;0;0;0;17;0;1;0;0
2013-04-04 21;347;0;0;0;0;0;0;0;0;0;0;17;0;1;0;0
2013-04-04 22;348;0;0;0;0;0;0;0;0;0;0;21;0;1;0;0
2013-04-04 23;347;0;0;0;0;0;0;0;0;0;0;18;0;1;0;0
2013-04-05 00;348;0;0;0;0;0;0;0;0;0;0;22;0;1;0;0
2013-04-05 01;347;0;0;0;0;0;0;0;0;0;0;22;0;1;0;0
2013-04-05 02;347;0;0;0;0;0;0;0;0;0;0;22;0;1;0;0
2013-04-05 03;347;0;0;272;136.0;0;0;0;0;0;0;19;0;1;0;0
2013-04-05 04;348;0;0;0;0;0;0;0;0;0;0;20;0;1;0;0
2013-04-05 05;347;0;0;474;474.0;0;0;0;0;0;0;18;0;1;0;0
2013-04-05 06;345;0;0;293;146.5;1;28200;28200.0;0;0;0;18;0;1;0;0
2013-04-05 07;348;0;0;1250;1250.0;0;0;0;0;0;0;19;0;1;0;0
2013-04-05 08;347;0;0;767;383.5;0;0;0;0;0;0;13;0;1;0;0
2013-04-05 09;348;0;0;0;0;0;0;0;0;0;0;16;0;1;0;0
2013-04-05 10;347;0;0;0;0;0;0;0;0;0;0;22;0;1;0;1
2013-04-05 11;347;0;0;0;0;0;0;0;0;0;0;23;0;1;0;0
2013-04-05 12;347;0;0;0;0;0;0;0;0;0;0;17;0;1;0;0
2013-04-05 13;348;0;0;0;0;0;0;0;0;0;0;17;0;1;0;0
2013-04-05 14;292;34;0;132;132.0;0;0;0;0;0;0;54;0;1;0;0
2013-04-05 15;272;68;0;3307;1653.5;0;0;0;0;0;0;118;0;1;0;0
2013-04-05 16;317;11;0;3078;769.5;0;0;0;0;0;0;18;0;1;0;0
2013-04-05 17;301;30;0;4614;2307.0;0;0;0;1;6309;6309.0;63;0;2;0;0
2013-04-05 18;276;45;0;485;242.5;0;0;0;0;0;0;56;0;1;0;0
2013-04-05 19;269;25;0;2774;924.6666666666666;0;0;0;0;0;0;64;0;1;0;0
2013-04-05 20;195;0;0;2400;800.0;0;0;0;0;0;0;14;0;1;0;1
2013-04-05 21;348;0;0;1996;998.0;0;0;0;0;0;0;12;0;1;0;0
2013-04-05 22;266;0;0;0;0;0;0;0;1;11556;11556.0;13;0;1;0;0
2013-04-05 23;348;0;0;0;0;0;0;0;0;0;0;16;0;1;0;0
2013-04-06 00;348;0;0;101;101.0;0;0;0;0;0;0;14;0;1;0;0
2013-04-06 01;347;0;0;0;0;0;0;0;0;0;0;13;0;1;0;0
2013-04-06 02;342;2;0;1522;507.3333333333333;0;0;0;0;0;0;17;0;1;0;0
2013-04-06 03;348;0;0;182;91.0;0;0;0;0;0;0;21;0;1;0;0
2013-04-06 04;348;0;0;2751;550.2;0;0;0;0;0;0;28;0;1;0;0
2013-04-06 05;347;0;0;0;0;0;0;0;0;0;0;16;0;1;0;0
2013-04-06 06;348;0;0;2229;743.0;0;0;0;0;0;0;21;0;1;0;0
2013-04-06 07;347;0;0;0;0;0;0;0;0;0;0;26;0;1;0;0
2013-04-06 08;348;0;0;0;0;0;0;0;0;0;0;19;0;1;0;0
2013-04-06 09;347;0;0;0;0;0;0;0;0;0;0;21;0;1;0;0
2013-04-06 10;348;0;0;0;0;0;0;0;0;0;0;18;0;1;0;0
2013-04-06 11;347;0;0;0;0;0;0;0;0;0;0;18;0;1;0;0
2013-04-06 12;348;0;0;0;0;0;0;0;0;0;0;21;0;1;0;0
2013-04-06 13;347;0;0;0;0;0;0;0;0;0;0;22;0;1;0;0
2013-04-06 14;347;0;0;0;0;0;0;0;0;0;0;19;0;1;0;0
2013-04-06 15;236;87;0;505;252.5;1;10833;10833.0;1;5322;5322.0;99;0;1;0;0
2013-04-06 16;344;0;0;4771;2385.5;0;0;0;0;0;0;25;0;1;0;0
2013-04-06 17;305;23;0;1522;761.0;0;0;0;1;4161;4161.0;48;0;1;0;0
2013-04-06 18;286;10;0;2623;874.3333333333334;0;0;0;1;5314;5314.0;54;0;1;0;0
2013-04-06 19;24;21;0;1088;272.0;1;7340;7340.0;0;0;0;65;0;0;0;0
2013-04-06 20;105;56;5;5677;1419.25;0;0;0;0;0;0;152;0;0;0;0
2013-04-06 21;150;99;0;6314;6314.0;0;0;0;0;0;0;16;0;0;0;0
2013-04-06 22;154;18;6;0;0;0;0;0;1;4599;4599.0;17;0;0;0;0
2013-04-06 23;139;9;0;595;595.0;0;0;0;0;0;0;70;0;0;0;0
2013-04-07 00;347;0;0;0;0;0;0;0;0;0;0;16;0;1;0;0
2013-04-07 01;302;0;0;282;282.0;0;0;0;0;0;0;16;0;1;0;0
2013-04-08 02;277;0;0;0;0;1;4339;4339.0;1;4338;4338.0;22;0;1;0;0
2013-04-08 03;347;0;0;809;202.25;1;7232;7232.0;1;7230;7230.0;31;1;1;0;0
2013-04-08 04;348;0;0;1400;280.0;0;0;0;0;0;0;23;1;1;0;0
2013-04-08 05;346;0;0;311;103.66666666666667;1;31615;31615.0;1;31474;31474.0;26;0;1;0;0
2013-04-08 06;348;0;0;0;0;0;0;0;0;0;0;29;1;1;0;0
2013-04-08 07;347;0;0;0;0;0;0;0;0;0;0;30;0;1;0;0
2013-04-08 08;348;0;0;0;0;0;0;0;0;0;0;17;0;1;0;0
2013-04-08 09;347;0;0;0;0;0;0;0;0;0;0;28;0;1;0;0
2013-04-08 10;348;0;0;0;0;0;0;0;0;0;0;25;0;1;0;0
2013-04-08 11;347;0;0;0;0;0;0;0;0;0;0;18;0;1;0;0
2013-04-08 12;348;0;0;0;0;0;0;0;0;0;0;28;0;1;0;0
2013-04-08 13;347;0;0;0;0;0;0;0;0;0;0;22;0;1;0;0
2013-04-08 14;201;64;15;1866;933.0;0;0;0;0;0;0;58;9;1;0;0
2013-04-08 15;275;56;0;3066;1533.0;0;0;0;0;0;0;69;4;1;0;0
2013-04-08 16;342;2;0;3319;1106.3333333333333;0;0;0;0;0;0;17;15;1;0;0
2013-04-08 17;175;41;0;4125;4125.0;1;4466;4466.0;1;4032;4032.0;30;8;1;0;0
2013-04-08 18;225;86;4;504;504.0;0;0;0;0;0;0;101;12;1;0;0
2013-04-08 19;347;0;0;0;0;0;0;0;0;0;0;23;0;1;0;0
2013-04-08 20;332;0;0;0;0;0;0;0;0;0;0;16;0;1;0;0
2013-04-08 21;345;0;0;0;0;1;3966;3966.0;0;0;0;16;0;1;0;0
2013-04-08 22;335;0;0;0;0;0;0;0;0;0;0;14;0;1;0;1
2013-04-08 23;261;78;2;3852;1926.0;1;6941;6941.0;1;6964;6964.0;70;2;1;0;0
2013-04-09 00;297;17;27;3237;3237.0;0;0;0;0;0;0;47;1;1;0;0
2013-04-09 01;218;94;1;595;595.0;0;0;0;0;0;0;84;3;1;0;0
2013-04-09 02;337;0;0;444;222.0;1;8631;8631.0;0;0;0;14;0;1;0;0
2013-04-09 03;348;0;0;2700;675.0;0;0;0;0;0;0;19;0;1;0;0
2013-04-09 04;341;0;0;2037;679.0;0;0;0;0;0;0;16;0;1;0;0
2013-04-09 05;347;0;0;0;0;0;0;0;0;0;0;25;0;1;0;0
2013-04-09 06;347;0;0;0;0;0;0;0;0;0;0;26;0;1;0;1
2013-04-09 07;347;0;0;0;0;0;0;0;0;0;0;18;1;1;0;0
2013-04-09 08;346;0;0;0;0;0;0;0;0;0;0;21;0;1;0;0
2013-04-09 09;346;0;0;0;0;0;0;0;0;0;0;28;0;1;0;0
2013-04-09 10;348;0;0;0;0;0;0;0;0;0;0;24;0;1;0;0
2013-04-09 11;348;0;0;2853;2853.0;0;0;0;0;0;0;19;0;1;0;0
2013-04-09 12;347;0;0;554;554.0;0;0;0;0;0;0;26;0;1;0;0
2013-04-09 13;348;0;0;91;91.0;0;0;0;0;0;0;26;0;1;0;0
2013-04-09 14;347;0;0;71;71.0;0;0;0;0;0;0;23;0;1;0;0
2013-04-09 15;347;0;0;0;0;0;0;0;0;0;0;18;1;1;0;0
2013-04-09 16;348;0;0;0;0;0;0;0;0;0;0;22;0;1;0;0
2013-04-09 17;347;0;0;0;0;0;0;0;0;0;0;21;1;1;0;0
2013-04-09 18;348;0;0;0;0;0;0;0;0;0;0;23;0;1;0;0
2013-04-09 19;347;0;0;0;0;0;0;0;0;0;0;17;0;1;0;0
2013-04-09 20;347;0;0;0;0;0;0;0;0;0;0;14;1;1;0;0
2013-04-09 21;337;0;0;61;61.0;0;0;0;0;0;0;23;0;1;0;0
2013-04-09 22;344;0;0;0;0;0;0;0;0;0;0;13;0;1;0;0
2013-04-09 23;270;54;17;3792;3792.0;1;8073;8073.0;1;3779;3779.0;72;2;3;0;0
2013-04-10 00;216;84;19;554;554.0;0;0;0;0;0;0;115;2;2;0;0
2013-04-10 01;334;3;0;1996;665.3333333333334;1;15624;15624.0;1;14895;14895.0;46;13;1;0;1
2013-04-10 02;349;0;0;909;303.0;0;0;0;0;0;0;14;7;1;0;0
2013-04-10 03;347;0;0;3268;1089.3333333333333;0;0;0;0;0;0;17;11;1;0;0
2013-04-10 04;348;0;0;1826;913.0;0;0;0;0;0;0;11;9;1;0;0
2013-04-10 05;247;88;3;2269;756.3333333333334;1;31605;31605.0;1;31849;31849.0;81;6;1;0;0
2013-04-10 06;348;0;0;917;917.0;0;0;0;0;0;0;19;0;1;0;0
2013-04-10 07;347;0;0;1240;248.0;0;0;0;0;0;0;22;0;1;0;0
2013-04-10 08;348;0;0;1302;144.66666666666666;0;0;0;0;0;0;21;0;1;0;0
2013-04-10 09;347;0;0;211;211.0;0;0;0;0;0;0;21;0;1;0;0
2013-04-10 10;348;0;0;0;0;0;0;0;0;0;0;17;0;1;0;0
2013-04-10 11;347;0;0;0;0;0;0;0;0;0;0;27;0;1;0;0
2013-04-10 12;348;0;0;0;0;0;0;0;0;0;0;25;0;1;0;0
2013-04-10 13;347;0;0;0;0;0;0;0;0;0;0;22;0;1;0;0
2013-04-10 14;272;56;3;100;100.0;0;0;0;0;0;0;84;5;1;0;0
2013-04-10 15;281;20;18;2976;2976.0;0;0;0;0;0;0;79;5;1;0;0
2013-04-10 16;325;10;4;3873;3873.0;1;6621;6621.0;0;0;0;33;10;1;0;0
2013-04-10 17;298;31;7;4185;2092.5;0;0;0;1;4575;4575.0;77;7;2;0;0
2013-04-10 18;178;82;41;0;0;0;0;0;0;0;0;199;9;2;0;0
2013-04-10 19;319;27;0;0;0;1;20775;20775.0;0;0;0;119;0;1;0;0
2013-04-10 20;347;0;0;0;0;0;0;0;1;15471;15471.0;14;0;1;0;0
2013-04-10 21;347;0;0;0;0;0;0;0;0;0;0;14;0;1;0;0
2013-04-10 22;347;0;0;0;0;0;0;0;0;0;0;16;0;1;0;0
2013-04-10 23;347;0;0;0;0;0;0;0;0;0;0;17;0;1;0;0
2013-04-11 00;347;0;0;0;0;0;0;0;0;0;0;20;0;1;0;0
2013-04-11 01;163;101;31;0;0;1;23236;23236.0;0;0;0;157;4;1;0;0
2013-04-11 02;316;19;0;0;0;0;0;0;0;0;0;26;1;1;0;0
2013-04-11 03;347;0;0;0;0;0;0;0;0;0;0;3;1;1;0;0
2013-04-11 04;347;0;0;0;0;0;0;0;0;0;0;5;1;1;0;0
2013-04-11 05;287;29;0;0;0;0;0;0;0;0;0;26;1;1;0;0
2013-04-11 06;315;23;0;0;0;0;0;0;0;0;0;18;1;1;0;0
2013-04-11 07;253;54;24;0;0;1;23000;23000.0;0;0;0;59;2;2;0;0
2013-04-11 08;347;0;0;0;0;0;0;0;0;0;0;20;0;1;0;0
2013-04-11 09;346;0;0;0;0;0;0;0;0;0;0;28;0;1;0;0
2013-04-11 10;346;0;0;0;0;0;0;0;0;0;0;22;0;1;0;0
2013-04-11 11;346;0;0;0;0;0;0;0;0;0;0;21;0;1;0;0
2013-04-11 12;346;0;0;0;0;0;0;0;0;0;0;21;0;1;0;0
2013-04-11 13;346;0;0;0;0;0;0;0;0;0;0;19;0;1;0;0
2013-04-11 14;314;23;3;0;0;1;4816;4816.0;0;0;0;64;0;1;0;0
2013-04-11 15;288;46;0;0;0;0;0;0;0;0;0;83;5;1;0;0
2013-04-11 16;271;58;4;0;0;1;6412;6412.0;1;5321;5321.0;65;2;2;0;0
2013-04-11 17;305;29;1;0;0;0;0;0;0;0;0;83;1;1;0;0
2013-04-11 18;297;28;0;0;0;0;0;0;0;0;0;33;7;1;0;0
2013-04-11 19;200;88;0;0;0;0;0;0;0;0;0;94;20;1;0;0
2013-04-11 20;347;0;0;0;0;1;5010;5010.0;1;5038;5038.0;8;4;1;0;0
2013-04-11 21;297;45;0;0;0;0;0;0;0;0;0;33;14;1;0;0
2013-04-11 22;339;0;0;0;0;0;0;0;0;0;0;24;0;1;0;0
2013-04-11 23;271;28;40;0;0;1;4905;4905.0;1;3878;3878.0;98;3;3;0;0
2013-04-12 00;232;102;3;0;0;1;13162;13162.0;1;13185;13185.0;116;3;2;0;0
2013-04-12 01;253;74;0;0;0;0;0;0;0;0;0;69;22;1;0;0
2013-04-12 02;273;20;1;0;0;0;0;0;0;0;0;39;2;1;0;0
2013-04-12 03;232;0;0;0;0;0;0;0;0;0;0;25;3;1;0;0
2013-04-12 04;299;43;0;0;0;0;0;0;1;4597;4597.0;65;2;1;0;0
2013-04-12 05;349;0;0;0;0;1;22939;22939.0;1;33149;33149.0;21;0;1;0;0
2013-04-12 06;348;0;0;0;0;0;0;0;0;0;0;23;1;1;0;0
2013-04-12 07;348;0;0;0;0;0;0;0;0;0;0;21;1;1;0;0
2013-04-12 08;348;0;0;0;0;0;0;0;0;0;0;17;0;1;0;0
2013-04-12 09;346;0;0;0;0;0;0;0;0;0;0;23;0;1;0;0
2013-04-12 10;348;0;0;0;0;0;0;0;0;0;0;20;0;1;0;0
2013-04-12 11;346;0;0;0;0;0;0;0;0;0;0;21;0;1;0;0
2013-04-12 12;231;18;0;0;0;1;10546;10546.0;0;0;0;7;0;1;0;0
2013-04-12 13;326;0;0;0;0;0;0;0;0;0;0;6;0;1;0;0
2013-04-12 14;44;9;44;0;0;0;0;0;0;0;0;73;0;1;0;0
2013-04-12 15;296;41;2;0;0;1;5114;5114.0;1;4855;4855.0;60;7;2;0;0
2013-04-12 16;347;0;0;0;0;0;0;0;0;0;0;5;0;1;0;0
2013-04-12 17;259;17;3;0;0;1;4213;4213.0;1;4208;4208.0;44;19;1;0;0
2013-04-12 18;233;62;0;0;0;0;0;0;0;0;0;56;9;1;0;0
2013-04-12 19;317;4;0;0;0;1;28325;28325.0;1;27682;27682.0;11;0;1;0;0
2013-04-12 20;346;0;0;0;0;0;0;0;0;0;0;19;1;1;0;0
2013-04-12 21;348;0;0;0;0;0;0;0;0;0;0;23;0;1;0;0
2013-04-12 22;348;0;0;0;0;0;0;0;0;0;0;18;0;1;0;0
2013-04-12 23;347;0;0;0;0;0;0;0;0;0;0;15;0;1;0;0
2013-04-13 00;348;0;0;0;0;0;0;0;0;0;0;22;0;1;0;0
2013-04-13 01;347;0;0;0;0;0;0;0;0;0;0;17;0;1;0;0
2013-04-13 02;347;0;0;0;0;0;0;0;0;0;0;20;2;1;0;0
2013-04-13 03;349;0;0;0;0;0;0;0;0;0;0;19;1;1;0;0
2013-04-13 04;348;0;0;0;0;0;0;0;0;0;0;21;1;1;0;0
2013-04-13 05;346;0;0;0;0;0;0;0;0;0;0;19;0;1;0;0
2013-04-13 06;345;0;0;0;0;0;0;0;0;0;0;19;1;1;0;0
2013-04-13 07;346;0;0;0;0;0;0;0;0;0;0;18;0;1;0;0
2013-04-13 08;346;0;0;0;0;0;0;0;0;0;0;22;0;1;0;0
2013-04-13 09;346;0;0;0;0;0;0;0;0;0;0;21;0;1;0;0
2013-04-13 10;346;0;0;0;0;0;0;0;0;0;0;32;0;1;0;0
2013-04-13 11;346;0;0;0;0;0;0;0;0;0;0;19;0;1;0;0
2013-04-13 12;346;0;0;0;0;0;0;0;0;0;0;27;0;1;0;0
2013-04-13 13;332;0;0;0;0;0;0;0;0;0;0;24;0;1;0;0
2013-04-13 14;346;0;0;0;0;0;0;0;0;0;0;24;0;1;0;0
2013-04-13 15;346;0;0;0;0;0;0;0;0;0;0;27;1;1;0;0
2013-04-13 16;348;0;0;0;0;0;0;0;0;0;0;20;1;1;0;0
2013-04-13 17;348;0;0;0;0;0;0;0;0;0;0;20;2;1;0;0
2013-04-13 18;347;0;0;0;0;0;0;0;0;0;0;25;1;1;0;0
2013-04-13 19;281;36;0;0;0;1;28433;28433.0;0;0;0;88;5;2;0;0
2013-04-13 20;277;57;0;0;0;0;0;0;1;24083;24083.0;53;3;2;0;0
2013-04-13 21;348;0;0;0;0;0;0;0;0;0;0;25;2;1;0;0
2013-04-13 22;348;0;0;0;0;0;0;0;0;0;0;16;0;1;0;0
2013-04-13 23;348;0;0;0;0;0;0;0;0;0;0;21;0;1;0;0
2013-04-14 00;348;0;0;0;0;0;0;0;0;0;0;21;0;1;0;0
2013-04-14 01;348;0;0;0;0;0;0;0;0;0;0;15;0;1;0;0
2013-04-14 02;348;0;0;0;0;0;0;0;0;0;0;19;0;1;0;0
2013-04-14 03;348;0;0;0;0;1;10616;10616.0;1;10643;10643.0;13;0;1;0;0
2013-04-14 04;348;0;0;0;0;0;0;0;0;0;0;14;0;1;0;0
2013-04-14 05;348;0;0;0;0;0;0;0;0;0;0;15;0;1;0;0
2013-04-14 06;345;0;0;0;0;0;0;0;1;28059;28059.0;14;0;1;0;0
2013-04-14 07;338;0;0;0;0;1;25626;25626.0;0;0;0;16;0;1;0;0
2013-04-14 08;347;0;0;0;0;0;0;0;0;0;0;15;0;1;0;0
2013-04-14 09;348;0;0;0;0;0;0;0;0;0;0;16;0;1;0;0
2013-04-14 10;348;0;0;0;0;0;0;0;0;0;0;12;0;1;0;0
2013-04-14 11;348;0;0;0;0;0;0;0;0;0;0;14;0;1;0;0
2013-04-14 12;348;0;0;0;0;0;0;0;0;0;0;18;0;1;0;0
2013-04-14 13;323;6;0;0;0;0;0;0;0;0;0;21;0;1;0;0
2013-04-14 14;296;38;1;0;0;0;0;0;0;0;0;96;0;2;0;0
2013-04-14 15;280;44;13;0;0;1;6767;6767.0;0;0;0;89;0;2;0;0
2013-04-14 16;347;0;0;0;0;0;0;0;0;0;0;14;0;1;0;0
2013-04-14 17;330;0;0;0;0;1;6021;6021.0;1;4458;4458.0;14;0;1;0;0
2013-04-14 18;348;0;0;0;0;0;0;0;0;0;0;9;0;1;0;0
2013-04-14 19;329;6;0;0;0;1;4250;4250.0;0;0;0;12;0;1;0;0
2013-04-14 20;343;1;0;0;0;1;9529;9529.0;0;0;0;15;0;1;0;0
2013-04-14 21;337;2;0;0;0;0;0;0;0;0;0;20;0;1;0;0
2013-04-14 22;344;0;0;0;0;0;0;0;0;0;0;12;0;1;0;0
2013-04-14 23;316;0;0;0;0;1;10188;10188.0;1;19688;19688.0;13;0;1;0;0
2013-04-15 00;347;0;0;0;0;0;0;0;0;0;0;20;0;1;0;0
2013-04-15 01;348;0;0;0;0;0;0;0;0;0;0;14;1;1;0;0
2013-04-15 02;177;129;0;0;0;0;0;0;0;0;0;126;3;1;0;0
2013-04-15 03;331;0;0;0;0;1;4967;4967.0;0;0;0;12;1;1;0;0
2013-04-15 04;340;1;0;0;0;0;0;0;0;0;0;4;1;1;0;0
2013-04-15 05;238;78;0;0;0;0;0;0;0;0;0;76;2;2;0;0
2013-04-15 06;340;0;0;0;0;1;26169;26169.0;1;26224;26224.0;26;1;1;0;0
2013-04-15 07;346;0;0;0;0;0;0;0;0;0;0;19;1;1;0;0
2013-04-15 08;346;0;0;0;0;0;0;0;0;0;0;19;0;1;0;0
2013-04-15 09;345;0;0;0;0;0;0;0;0;0;0;29;0;1;0;0
2013-04-15 10;345;0;0;0;0;0;0;0;0;0;0;30;0;1;0;0
2013-04-15 11;346;0;0;0;0;0;0;0;0;0;0;24;0;1;0;0
2013-04-15 12;344;0;0;0;0;0;0;0;0;0;0;33;1;1;0;0
2013-04-15 13;341;0;0;0;0;1;4669;4669.0;1;4628;4628.0;23;1;1;0;0
2013-04-15 14;325;7;12;0;0;0;0;0;0;0;0;23;0;1;0;0
2013-04-15 15;266;21;42;0;0;0;0;0;0;0;0;106;7;1;0;0
2013-04-15 16;314;2;25;0;0;1;8339;8339.0;0;0;0;49;28;1;0;0
2013-04-15 17;303;13;7;0;0;0;0;0;1;4271;4271.0;62;17;1;0;0
2013-04-15 18;289;24;0;0;0;1;4957;4957.0;0;0;0;57;11;1;0;0
2013-04-15 19;347;0;0;0;0;0;0;0;0;0;0;10;0;1;0;0
2013-04-15 20;338;0;0;0;0;1;4714;4714.0;0;0;0;15;0;1;0;0
2013-04-15 21;347;0;0;0;0;0;0;0;0;0;0;21;0;1;0;0
2013-04-15 22;322;0;0;0;0;0;0;0;0;0;0;20;0;1;0;3
2013-04-15 23;337;2;0;0;0;0;0;0;0;0;0;14;0;1;0;0
2013-04-16 00;303;10;0;0;0;0;0;0;0;0;0;20;0;1;0;0
2013-04-16 01;345;0;0;0;0;0;0;0;0;0;0;16;0;1;0;0
2013-04-16 02;294;23;0;474;237.0;0;0;0;0;0;0;26;26;1;0;0
2013-04-16 03;319;2;0;746;248.66666666666666;0;0;0;0;0;0;36;28;1;0;0
2013-04-16 04;281;34;0;3308;661.6;0;0;0;1;34955;34955.0;75;20;1;0;0
2013-04-16 05;348;0;0;0;0;1;34208;34208.0;0;0;0;16;1;1;0;0
2013-04-16 06;348;0;0;0;0;0;0;0;0;0;0;25;1;1;0;0
2013-04-16 07;347;0;0;0;0;0;0;0;0;0;0;20;1;1;0;0
2013-04-16 08;348;0;0;0;0;0;0;0;0;0;0;17;0;1;0;0
2013-04-16 09;347;0;0;0;0;0;0;0;0;0;0;26;0;1;0;0
2013-04-16 10;348;0;0;0;0;0;0;0;0;0;0;24;0;1;0;0
2013-04-16 11;347;0;0;0;0;0;0;0;0;0;0;16;0;1;0;0
2013-04-16 12;348;0;0;5406;5406.0;0;0;0;0;0;0;22;0;1;0;0
2013-04-16 13;346;0;0;348;348.0;0;0;0;0;0;0;21;0;1;0;0
2013-04-16 14;243;60;0;383;383.0;1;24868;24868.0;0;0;0;100;2;2;0;0
2013-04-16 15;289;43;3;3147;1573.5;0;0;0;0;0;0;89;6;1;0;0
2013-04-16 16;312;3;21;1866;933.0;0;0;0;1;13966;13966.0;22;0;1;0;0
2013-04-16 17;347;0;0;1534;511.3333333333333;0;0;0;0;0;0;15;0;1;0;0
2013-04-16 18;347;0;0;0;0;0;0;0;0;0;0;15;0;1;0;0
2013-04-16 19;309;19;0;1109;1109.0;0;0;0;1;6633;6633.0;17;0;1;0;0
2013-04-16 20;246;3;0;5273;5273.0;0;0;0;0;0;0;10;1;1;0;0
2013-04-16 21;259;61;0;0;0;1;3663;3663.0;0;0;0;53;2;1;0;0
2013-04-16 22;325;2;0;141;141.0;0;0;0;0;0;0;5;0;1;0;0
2013-04-16 23;241;79;0;4781;1593.6666666666667;1;8865;8865.0;1;8610;8610.0;92;0;3;0;0
2013-04-17 00;207;66;54;807;269.0;0;0;0;0;0;0;124;1;2;0;0
2013-04-17 01;325;15;0;1814;604.6666666666666;1;4523;4523.0;0;0;0;25;20;1;0;0
2013-04-17 02;346;0;0;2076;415.2;1;8131;8131.0;1;8006;8006.0;26;6;1;0;0
2013-04-17 03;296;39;0;3510;1755.0;0;0;0;0;0;0;35;5;1;0;0
2013-04-17 04;332;0;0;1039;259.75;0;0;0;0;0;0;15;0;1;0;0
2013-04-17 05;343;0;0;71;71.0;1;33744;33744.0;1;28861;28861.0;20;0;1;0;0
2013-04-17 06;347;0;0;70;70.0;0;0;0;0;0;0;18;0;1;0;0
2013-04-17 07;348;0;0;0;0;0;0;0;0;0;0;13;0;1;0;0
2013-04-17 08;347;0;0;0;0;0;0;0;0;0;0;16;1;1;0;0
2013-04-17 09;348;0;0;0;0;0;0;0;0;0;0;21;0;1;0;0
2013-04-17 10;348;0;0;0;0;0;0;0;0;0;0;18;0;1;0;0
2013-04-17 11;348;0;0;0;0;0;0;0;0;0;0;23;0;1;0;0
2013-04-17 12;348;0;0;0;0;0;0;0;0;0;0;20;0;1;0;0
2013-04-17 13;347;0;0;867;867.0;0;0;0;0;0;0;21;0;1;0;0
2013-04-17 14;295;37;0;0;0;1;5999;5999.0;1;4500;4500.0;37;0;1;0;0
2013-04-17 15;271;62;2;2875;2875.0;0;0;0;0;0;0;96;5;1;0;0
2013-04-17 16;339;1;0;3489;1163.0;0;0;0;0;0;0;28;31;1;0;0
2013-04-17 17;303;36;0;3822;3822.0;1;30338;30338.0;1;4063;4063.0;69;0;2;0;0
2013-04-17 18;302;29;0;2451;2451.0;0;0;0;1;4693;4693.0;98;0;1;0;0
2013-04-17 19;264;74;0;1805;451.25;0;0;0;0;0;0;95;0;1;0;0
2013-04-17 20;288;33;0;0;0;0;0;0;1;10738;10738.0;86;0;1;0;0
2013-04-17 21;348;0;0;2048;409.6;0;0;0;0;0;0;28;0;1;0;0
2013-04-17 22;347;0;0;1382;197.42857142857142;0;0;0;0;0;0;23;0;1;0;0
2013-04-17 23;168;88;20;2521;1260.5;0;0;0;0;0;0;270;0;2;0;0
2013-04-18 00;295;39;0;1330;665.0;0;0;0;1;4242;4242.0;153;0;1;0;0
2013-04-18 01;221;89;0;4548;909.6;1;3695;3695.0;1;6173;6173.0;150;0;1;0;0
2013-04-18 02;269;37;0;192;192.0;0;0;0;0;0;0;84;0;1;0;0
2013-04-18 03;323;13;0;0;0;0;0;0;0;0;0;27;0;1;0;0
2013-04-18 04;345;0;0;0;0;0;0;0;0;0;0;17;0;1;0;0
2013-04-18 05;346;0;0;0;0;0;0;0;0;0;0;18;0;1;0;0
2013-04-18 06;348;0;0;0;0;0;0;0;0;0;0;21;0;1;0;0
2013-04-18 07;348;0;0;0;0;0;0;0;0;0;0;13;0;1;0;0
2013-04-18 08;348;0;0;0;0;0;0;0;0;0;0;18;0;1;0;0
2013-04-18 09;347;0;0;0;0;0;0;0;0;0;0;19;0;1;0;0
2013-04-18 10;348;0;0;0;0;0;0;0;0;0;0;16;0;1;0;0
2013-04-18 11;347;0;0;0;0;0;0;0;0;0;0;22;0;1;0;0
2013-04-18 12;347;0;0;0;0;0;0;0;0;0;0;20;0;1;0;0
2013-04-18 13;347;0;0;0;0;0;0;0;0;0;0;18;0;1;0;0
2013-04-18 14;287;21;26;0;0;0;0;0;0;0;0;185;0;1;0;0
2013-04-18 15;285;30;10;0;0;1;6960;6960.0;0;0;0;177;0;1;0;0
2013-04-18 16;327;10;0;0;0;0;0;0;1;6796;6796.0;9;0;1;0;0
2013-04-18 17;301;11;31;0;0;0;0;0;0;0;0;83;0;1;0;0
2013-04-18 18;259;25;12;0;0;1;12130;12130.0;0;0;0;100;0;1;0;0
2013-04-18 19;262;67;5;0;0;0;0;0;1;9897;9897.0;162;0;1;0;0
2013-04-18 20;344;0;0;0;0;0;0;0;0;0;0;5;0;1;0;0
2013-04-18 21;300;44;0;0;0;0;0;0;0;0;0;30;0;1;0;0
2013-04-18 22;241;43;52;0;0;0;0;0;0;0;0;185;0;2;0;0
2013-04-18 23;281;27;12;0;0;1;5399;5399.0;1;5326;5326.0;73;0;1;0;0
2013-04-19 00;234;106;0;0;0;0;0;0;0;0;0;243;0;2;0;0
2013-04-19 01;309;3;2;0;0;0;0;0;0;0;0;32;0;1;0;0
2013-04-19 02;347;0;0;0;0;0;0;0;0;0;0;16;0;1;0;0
2013-04-19 03;347;0;0;0;0;0;0;0;0;0;0;20;0;1;0;0
2013-04-19 04;348;0;0;0;0;0;0;0;0;0;0;19;0;1;0;0
2013-04-19 05;347;0;0;0;0;0;0;0;0;0;0;17;0;1;0;1
2013-04-19 06;348;0;0;0;0;0;0;0;0;0;0;18;0;1;0;0
2013-04-19 07;347;0;0;0;0;0;0;0;0;0;0;12;0;1;0;0
2013-04-19 08;348;0;0;0;0;0;0;0;0;0;0;16;0;1;0;0
2013-04-19 09;347;0;0;0;0;0;0;0;0;0;0;16;0;1;0;0
2013-04-19 10;348;0;0;0;0;0;0;0;0;0;0;17;0;1;0;0
2013-04-19 11;347;0;0;0;0;0;0;0;0;0;0;13;0;1;0;0
2013-04-19 12;348;0;0;0;0;0;0;0;0;0;0;16;0;1;0;0
2013-04-19 13;347;0;0;0;0;0;0;0;0;0;0;14;0;1;0;0
2013-04-19 14;348;0;0;0;0;0;0;0;0;0;0;17;0;1;0;0
2013-04-19 15;347;0;0;0;0;0;0;0;0;0;0;18;0;1;0;0
2013-04-19 16;348;0;0;0;0;0;0;0;0;0;0;19;0;1;0;0
2013-04-19 17;347;0;0;0;0;0;0;0;0;0;0;19;0;1;0;0
2013-04-19 18;342;0;0;0;0;0;0;0;0;0;0;19;0;1;0;0
2013-04-19 19;347;0;0;0;0;1;17826;17826.0;1;17850;17850.0;14;0;1;0;0
2013-04-19 20;348;0;0;0;0;0;0;0;0;0;0;17;0;1;0;0
2013-04-19 21;347;0;0;0;0;0;0;0;0;0;0;13;0;1;0;0
2013-04-19 22;348;0;0;0;0;0;0;0;0;0;0;12;0;1;0;0
2013-04-19 23;346;0;0;0;0;0;0;0;0;0;0;13;0;1;0;0
2013-04-20 00;265;47;0;0;0;1;11148;11148.0;0;0;0;137;0;1;0;0
2013-04-20 01;263;68;0;0;0;0;0;0;1;7780;7780.0;148;0;2;0;0
2013-04-20 02;346;0;0;0;0;0;0;0;0;0;0;6;0;1;0;0
2013-04-20 03;341;0;0;0;0;0;0;0;0;0;0;18;0;1;0;0
2013-04-20 04;346;0;0;0;0;1;27594;27594.0;0;0;0;10;0;1;0;0
2013-04-20 05;346;0;0;0;0;0;0;0;0;0;0;18;0;1;0;0
2013-04-20 06;347;0;0;0;0;0;0;0;0;0;0;20;0;1;0;0
2013-04-20 07;348;0;0;0;0;0;0;0;0;0;0;18;0;1;0;0
2013-04-20 08;348;0;0;0;0;0;0;0;0;0;0;19;0;1;0;1
2013-04-20 09;347;0;0;0;0;0;0;0;0;0;0;18;0;1;0;0
2013-04-20 10;348;0;0;0;0;0;0;0;0;0;0;18;0;1;0;0
2013-04-20 11;348;0;0;0;0;0;0;0;0;0;0;19;0;1;0;0
2013-04-20 12;253;24;0;0;0;0;0;0;0;0;0;14;0;1;0;0
2013-04-20 13;346;0;0;0;0;1;9857;9857.0;0;0;0;11;0;1;0;0
2013-04-20 14;341;0;0;0;0;0;0;0;0;0;0;15;0;1;0;0
2013-04-20 15;277;46;8;0;0;1;4573;4573.0;0;0;0;120;0;2;0;0
2013-04-20 16;274;63;0;0;0;0;0;0;0;0;0;201;0;2;0;0
2013-04-20 17;345;0;0;0;0;0;0;0;0;0;0;17;0;1;0;0
2013-04-20 18;346;0;0;0;0;1;5500;5500.0;0;0;0;17;0;1;0;0
2013-04-20 19;321;3;0;0;0;0;0;0;0;0;0;22;0;1;0;0
2013-04-20 20;294;0;0;0;0;0;0;0;0;0;0;16;0;1;0;0
2013-04-20 21;346;0;0;2219;369.8333333333333;0;0;0;0;0;0;21;0;1;0;0
2013-04-20 22;318;1;0;1119;373.0;1;5500;5500.0;0;0;0;47;0;1;0;0
2013-04-20 23;344;0;0;0;0;0;0;0;0;0;0;17;0;1;0;0
2013-04-21 00;309;0;0;3620;1810.0;0;0;0;0;0;0;34;0;1;0;0
2013-04-21 01;277;42;0;141;141.0;0;0;0;0;0;0;110;0;1;0;0
2013-04-21 02;342;0;0;2572;643.0;1;6936;6936.0;1;6926;6926.0;24;0;1;0;0
2013-04-21 03;348;0;0;2520;1260.0;0;0;0;0;0;0;14;0;1;0;0
2013-04-21 04;345;0;0;1140;380.0;0;0;0;0;0;0;11;0;1;0;0
2013-04-21 05;345;0;0;0;0;1;23014;23014.0;1;24452;24452.0;9;0;1;0;0
2013-04-21 06;342;0;0;0;0;0;0;0;0;0;0;17;0;1;0;0
2013-04-21 07;347;0;0;0;0;0;0;0;0;0;0;15;0;1;0;0
2013-04-21 08;348;0;0;0;0;0;0;0;0;0;0;10;0;1;0;0
2013-04-21 09;348;0;0;0;0;0;0;0;0;0;0;13;0;1;0;0
2013-04-21 10;348;0;0;0;0;0;0;0;0;0;0;13;0;1;0;0
2013-04-21 11;347;0;0;0;0;0;0;0;0;0;0;12;0;1;0;0
2013-04-21 12;346;0;0;0;0;1;4934;4934.0;0;0;0;17;0;1;0;0
2013-04-21 13;347;0;0;0;0;0;0;0;0;0;0;19;0;1;0;0
2013-04-21 14;340;1;0;0;0;0;0;0;0;0;0;15;0;1;0;0
2013-04-21 15;265;37;0;0;0;1;3739;3739.0;0;0;0;16;0;1;0;0
2013-04-21 16;231;96;0;80;80.0;1;5237;5237.0;0;0;0;145;0;1;0;0
2013-04-21 17;318;3;0;635;317.5;0;0;0;0;0;0;14;0;1;0;0
2013-04-21 18;344;0;0;656;656.0;1;5005;5005.0;0;0;0;15;0;1;0;1
2013-04-21 19;309;23;0;1098;549.0;0;0;0;1;10038;10038.0;59;0;1;0;0
2013-04-21 20;347;0;0;1201;400.3333333333333;0;0;0;0;0;0;19;0;1;0;0
2013-04-21 21;347;0;0;0;0;0;0;0;0;0;0;31;0;1;0;0
2013-04-21 22;317;21;0;747;186.75;0;0;0;1;4428;4428.0;36;0;1;0;0
2013-04-21 23;296;44;0;2228;557.0;0;0;0;0;0;0;148;0;1;0;0
2013-04-22 00;266;69;0;1875;1875.0;0;0;0;1;18664;18664.0;137;0;1;0;0
2013-04-22 01;347;0;0;1523;507.6666666666667;0;0;0;0;0;0;30;0;1;0;0
2013-04-22 02;346;0;0;2380;793.3333333333334;0;0;0;0;0;0;28;0;1;0;0
2013-04-22 03;347;0;0;2973;743.25;0;0;0;0;0;0;30;0;1;0;0
2013-04-22 04;291;45;0;535;267.5;0;0;0;0;0;0;94;0;1;0;0
2013-04-22 05;331;0;0;0;0;0;0;0;1;26605;26605.0;18;0;1;0;0
2013-04-22 06;347;0;0;534;534.0;0;0;0;0;0;0;22;0;1;0;0
2013-04-22 07;347;0;0;0;0;0;0;0;0;0;0;22;0;1;0;0
2013-04-22 08;348;0;0;0;0;0;0;0;0;0;0;18;0;1;0;0
2013-04-22 09;348;0;0;0;0;0;0;0;0;0;0;21;0;1;0;0
2013-04-22 10;348;0;0;0;0;0;0;0;0;0;0;17;0;1;0;0
2013-04-22 11;348;0;0;0;0;0;0;0;0;0;0;22;0;1;0;0
2013-04-22 12;348;0;0;0;0;0;0;0;0;0;0;31;0;1;0;0
2013-04-22 13;348;0;0;0;0;0;0;0;0;0;0;25;0;1;0;0
2013-04-22 14;348;0;0;0;0;0;0;0;0;0;0;22;0;1;0;0
2013-04-22 15;348;0;0;0;0;0;0;0;0;0;0;23;0;1;0;0
2013-04-22 16;348;0;0;0;0;0;0;0;0;0;0;16;0;1;0;0
2013-04-22 17;348;0;0;0;0;0;0;0;0;0;0;23;0;1;0;0
2013-04-22 18;347;0;0;0;0;0;0;0;0;0;0;24;0;1;0;0
2013-04-22 19;347;0;0;967;483.5;1;12004;12004.0;0;0;0;22;0;1;0;0
2013-04-22 20;348;0;0;71;71.0;0;0;0;0;0;0;17;0;1;0;0
2013-04-22 21;347;0;0;0;0;0;0;0;0;0;0;18;0;1;0;0
2013-04-22 22;343;0;0;0;0;0;0;0;0;0;0;13;0;1;0;0
2013-04-22 23;340;0;0;313;313.0;1;4067;4067.0;0;0;0;16;0;1;0;0
2013-04-23 00;297;21;19;1109;554.5;0;0;0;0;0;0;58;0;1;0;0
2013-04-23 01;340;0;0;2995;499.1666666666667;0;0;0;0;0;0;37;0;1;0;0
2013-04-23 02;318;4;0;2823;941.0;0;0;0;0;0;0;23;0;1;0;0
2013-04-23 03;313;6;0;2876;958.6666666666666;0;0;0;0;0;0;17;0;1;0;0
2013-04-23 04;343;0;0;4168;1042.0;1;4996;4996.0;0;0;0;32;0;1;0;0
2013-04-23 05;343;0;0;3482;3482.0;0;0;0;0;0;0;28;0;1;0;0
2013-04-23 06;342;0;0;2411;1205.5;0;0;0;0;0;0;24;0;1;0;0
2013-04-23 07;346;0;0;2734;683.5;0;0;0;0;0;0;28;0;1;0;0
2013-04-23 08;317;2;0;2411;2411.0;0;0;0;0;0;0;36;0;1;0;0
2013-04-23 09;335;7;0;3482;1741.0;0;0;0;0;0;0;23;0;1;0;0
2013-04-23 10;319;4;1;1997;499.25;0;0;0;0;0;0;28;0;1;0;0
2013-04-23 11;261;6;0;3667;916.75;0;0;0;0;0;0;27;0;1;0;0
2013-04-23 12;319;1;0;2846;569.2;0;0;0;0;0;0;30;0;1;0;0
2013-04-23 13;340;0;1;1342;671.0;0;0;0;0;0;0;35;0;1;0;0
2013-04-23 14;240;48;0;3540;3540.0;0;0;0;0;0;0;172;0;1;0;0
2013-04-23 15;266;26;20;0;0;0;0;0;0;0;0;126;0;1;0;0
2013-04-23 16;338;3;0;0;0;0;0;0;1;4193;4193.0;26;0;1;0;0
2013-04-23 17;324;0;0;60;60.0;0;0;0;1;5035;5035.0;20;0;1;0;0
2013-04-23 18;330;0;0;2400;2400.0;0;0;0;0;0;0;14;0;1;0;0
2013-04-23 19;218;78;0;3904;1952.0;1;10513;10513.0;1;8301;8301.0;92;0;1;0;0
2013-04-23 20;261;0;0;0;0;0;0;0;0;0;0;6;0;1;0;0
2013-04-23 21;188;64;9;3428;571.3333333333334;0;0;0;0;0;0;165;0;2;0;0
2013-04-23 22;273;54;0;637;159.25;0;0;0;0;0;0;115;0;1;0;0
2013-04-23 23;328;1;0;303;151.5;1;6205;6205.0;0;0;0;12;0;1;0;0
2013-04-24 00;347;0;0;2229;557.25;0;0;0;0;0;0;16;0;1;0;0
2013-04-24 01;316;4;0;3812;1270.6666666666667;0;0;0;0;0;0;28;0;1;0;0
2013-04-24 02;319;0;0;0;0;0;0;0;0;0;0;28;0;1;0;0
2013-04-24 03;209;93;0;3157;3157.0;0;0;0;0;0;0;142;0;1;0;0
2013-04-24 04;322;8;0;3651;3651.0;0;0;0;0;0;0;23;0;1;0;0
2013-04-24 05;348;0;0;293;97.66666666666667;0;0;0;0;0;0;16;0;1;0;0
2013-04-24 06;347;0;0;0;0;0;0;0;0;0;0;13;0;1;0;0
2013-04-24 07;348;0;0;0;0;0;0;0;0;0;0;17;0;1;0;0
2013-04-24 08;347;0;0;0;0;0;0;0;0;0;0;18;0;1;0;0
2013-04-24 09;348;0;0;0;0;0;0;0;0;0;0;14;0;1;0;0
2013-04-24 10;347;0;0;0;0;0;0;0;0;0;0;16;0;1;0;0
2013-04-24 11;348;0;0;0;0;0;0;0;0;0;0;12;0;1;0;0
2013-04-24 12;347;0;0;0;0;0;0;0;0;0;0;15;0;1;0;0
2013-04-24 13;348;0;0;806;403.0;0;0;0;0;0;0;15;0;1;0;0
2013-04-24 14;348;0;0;0;0;0;0;0;0;0;0;13;0;1;0;0
2013-04-24 15;348;0;0;0;0;0;0;0;0;0;0;15;0;1;0;0
2013-04-24 16;321;6;0;0;0;0;0;0;0;0;0;17;0;1;0;0
2013-04-24 17;345;0;0;232;232.0;0;0;0;1;3742;3742.0;16;0;1;0;0
2013-04-24 18;239;86;0;2198;732.6666666666666;1;5739;5739.0;0;0;0;144;0;2;0;0
2013-04-24 19;191;134;0;1574;1574.0;1;17499;17499.0;0;0;0;236;0;2;0;0
2013-04-24 20;348;0;0;596;298.0;0;0;0;0;0;0;12;0;1;0;0
2013-04-24 21;348;0;0;1795;299.1666666666667;0;0;0;1;7929;7929.0;13;0;1;0;0
2013-04-24 22;347;0;0;314;104.66666666666667;0;0;0;0;0;0;12;0;1;0;0
2013-04-24 23;348;0;0;725;241.66666666666666;0;0;0;0;0;0;12;0;1;0;0
2013-04-25 00;258;70;4;1645;411.25;0;0;0;0;0;0;190;0;2;0;0
2013-04-25 01;277;67;0;1623;405.75;0;0;0;0;0;0;184;0;2;0;0
2013-04-25 02;297;0;0;837;279.0;0;0;0;0;0;0;15;0;1;0;0
2013-04-25 15;266;51;16;2683;1341.5;1;8150;8150.0;0;0;0;94;8;2;0;0
2013-04-25 16;331;15;0;545;272.5;0;0;0;0;0;0;17;0;1;0;0
2013-04-25 17;345;0;0;0;0;0;0;0;0;0;0;13;1;1;0;0
2013-04-25 18;333;7;0;2484;1242.0;1;16507;16507.0;0;0;0;34;0;1;0;0
2013-04-25 19;256;49;5;2743;685.75;0;0;0;1;10793;10793.0;39;23;1;0;0
2013-04-25 20;343;2;0;60;60.0;0;0;0;0;0;0;8;5;1;0;0
2013-04-25 21;348;0;0;0;0;0;0;0;0;0;0;6;2;1;0;0
2013-04-25 22;290;20;0;3046;1523.0;0;0;0;1;5254;5254.0;65;26;1;0;0
2013-04-25 23;270;26;0;2875;575.0;0;0;0;0;0;0;61;17;1;0;0
2013-04-26 00;259;27;0;1735;867.5;0;0;0;0;0;0;89;10;1;0;0
2013-04-26 01;272;59;2;1582;527.3333333333334;0;0;0;0;0;0;147;8;1;0;0
2013-04-26 02;344;0;0;1493;746.5;1;7268;7268.0;0;0;0;21;18;1;0;0
2013-04-26 03;348;0;0;2277;325.2857142857143;0;0;0;0;0;0;26;12;1;0;0
2013-04-26 04;325;0;0;3570;892.5;0;0;0;0;0;0;36;13;1;0;0
2013-04-26 05;338;0;0;1785;357.0;0;0;0;0;0;0;66;9;1;0;0
2013-04-26 06;339;0;0;965;120.625;0;0;0;0;0;0;27;11;1;0;0
2013-04-26 07;320;7;0;3358;559.6666666666666;1;6992;6992.0;0;0;0;27;10;1;0;0
2013-04-26 08;348;0;0;1412;470.6666666666667;0;0;0;0;0;0;23;16;1;0;0
2013-04-26 09;348;0;0;1998;666.0;0;0;0;0;0;0;17;28;1;0;0
2013-04-26 10;325;5;0;3146;1573.0;0;0;0;0;0;0;24;13;1;0;0
2013-04-26 11;348;0;0;1079;539.5;1;7747;7747.0;0;0;0;24;12;1;0;0
2013-04-26 12;348;0;0;1179;168.42857142857142;0;0;0;0;0;0;17;9;1;0;0
2013-04-26 13;347;0;0;655;327.5;0;0;0;0;0;0;29;12;1;0;0
2013-04-26 14;309;24;6;71;71.0;0;0;0;0;0;0;66;23;1;0;0
2013-04-26 15;298;27;17;2918;1459.0;1;3891;3891.0;0;0;0;70;7;1;0;0
2013-04-26 16;286;0;23;4369;4369.0;0;0;0;0;0;0;61;28;1;0;0
2013-04-26 17;176;42;0;3974;3974.0;1;13759;13759.0;1;4210;4210.0;60;33;2;0;0
2013-04-26 18;306;9;23;0;0;0;0;0;1;9161;9161.0;43;9;1;0;0
2013-04-26 19;347;0;0;384;384.0;0;0;0;0;0;0;23;0;1;0;0
2013-04-26 20;348;0;0;897;299.0;0;0;0;0;0;0;13;1;1;0;3
2013-04-26 21;240;61;3;2188;729.3333333333334;1;18011;18011.0;0;0;0;107;11;1;0;0
2013-04-26 22;192;108;1;1169;584.5;0;0;0;1;12645;12645.0;133;13;2;0;0
2013-04-26 23;120;0;0;887;295.6666666666667;0;0;0;0;0;0;94;3;2;0;0
2013-04-27 00;12;21;2;716;238.66666666666666;0;0;0;0;0;0;30;4;4;0;0
2013-04-27 01;69;55;7;1069;267.25;0;0;0;0;0;0;308;3;3;0;0
2013-04-27 02;280;15;0;719;359.5;0;0;0;0;0;0;76;0;1;0;0
2013-04-27 03;340;0;0;0;0;1;4732;4732.0;0;0;0;10;0;0;0;0
2013-04-27 04;345;0;0;0;0;1;26649;26649.0;0;0;0;10;0;1;0;0
2013-04-27 05;342;0;0;0;0;0;0;0;0;0;0;11;0;0;0;0
2013-04-27 06;347;0;0;0;0;0;0;0;0;0;0;14;0;0;0;0
2013-04-27 07;348;0;0;0;0;0;0;0;0;0;0;11;0;0;0;0
2013-04-27 08;347;0;0;0;0;0;0;0;0;0;0;14;0;0;0;0
2013-04-27 09;347;0;0;0;0;0;0;0;0;0;0;16;0;0;0;0
2013-04-27 10;346;0;0;0;0;0;0;0;0;0;0;13;0;0;0;0
2013-04-27 11;348;0;0;0;0;0;0;0;0;0;0;15;0;0;0;0
2013-04-27 12;347;0;0;0;0;1;22208;22208.0;0;0;0;12;0;0;0;0
2013-04-27 13;347;0;0;0;0;0;0;0;0;0;0;14;0;0;0;0
2013-04-27 14;347;0;0;0;0;0;0;0;0;0;0;15;0;0;0;0
2013-04-27 15;346;0;0;0;0;0;0;0;0;0;0;13;0;0;0;0
2013-04-27 16;345;0;0;0;0;0;0;0;0;0;0;16;0;0;0;0
2013-04-27 17;348;0;0;0;0;0;0;0;0;0;0;6;0;0;0;0
2013-04-27 18;343;0;0;0;0;1;24446;24446.0;0;0;0;9;0;1;0;0
2013-04-27 19;349;0;0;0;0;0;0;0;0;0;0;6;0;1;0;0
2013-04-27 20;345;0;0;0;0;0;0;0;0;0;0;8;0;1;0;0
2013-04-27 21;346;0;0;0;0;0;0;0;0;0;0;7;0;1;0;0
2013-04-27 22;346;0;0;0;0;0;0;0;0;0;0;7;0;1;0;0
2013-04-27 23;348;0;0;0;0;0;0;0;0;0;0;8;0;1;0;0
2013-04-28 00;346;0;0;0;0;0;0;0;0;0;0;5;0;1;0;0
2013-04-28 01;346;0;0;0;0;1;17909;17909.0;0;0;0;16;0;1;0;0
2013-04-28 02;345;0;0;0;0;0;0;0;0;0;0;11;0;1;0;0
2013-04-28 03;346;0;0;0;0;0;0;0;0;0;0;15;0;1;0;0
2013-04-28 04;345;0;0;0;0;0;0;0;0;0;0;23;0;1;0;0
2013-04-28 05;344;0;0;0;0;0;0;0;0;0;0;12;0;1;0;0
2013-04-28 06;342;0;0;0;0;1;21553;21553.0;1;31596;31596.0;8;0;1;0;0
2013-04-28 07;347;0;0;0;0;0;0;0;0;0;0;5;0;1;0;0
2013-04-28 08;348;0;0;0;0;0;0;0;0;0;0;3;0;1;0;0
2013-04-28 09;346;0;0;0;0;0;0;0;0;0;0;4;0;1;0;0
2013-04-28 10;348;0;0;0;0;0;0;0;0;0;0;4;0;1;0;0
2013-04-28 11;347;0;0;0;0;0;0;0;0;0;0;3;0;1;0;0
2013-04-28 12;291;0;0;0;0;1;20270;20270.0;0;0;0;4;0;1;0;0
2013-04-28 13;349;0;0;0;0;0;0;0;0;0;0;5;0;1;0;0
2013-04-28 14;348;0;0;0;0;0;0;0;0;0;0;7;0;1;0;0
2013-04-28 15;347;0;0;0;0;0;0;0;0;0;0;6;0;1;0;0
2013-04-28 16;347;0;0;0;0;0;0;0;0;0;0;6;0;1;0;0
2013-04-28 17;346;0;0;0;0;0;0;0;0;0;0;3;0;1;0;0
2013-04-28 18;188;60;22;0;0;0;0;0;0;0;0;249;1;1;0;0
2013-04-28 19;320;26;0;0;0;0;0;0;1;4929;4929.0;192;2;0;0;0
2013-04-28 20;189;90;0;0;0;0;0;0;1;10983;10983.0;289;2;0;0;0
2013-04-28 21;110;1;9;0;0;0;0;0;0;0;0;291;5;1;0;0
2013-04-28 22;17;0;0;0;0;0;0;0;0;0;0;40;2;0;0;0
2013-04-28 23;95;11;8;0;0;0;0;0;0;0;0;127;2;0;0;0
2013-04-29 00;219;95;3;0;0;0;0;0;1;30898;30898.0;144;16;2;0;0
2013-04-29 01;348;0;0;0;0;0;0;0;0;0;0;22;20;1;0;0
2013-04-29 02;348;0;0;0;0;0;0;0;0;0;0;16;25;1;0;0
2013-04-29 03;348;0;0;0;0;0;0;0;0;0;0;17;25;1;0;0
2013-04-29 04;294;29;0;0;0;0;0;0;0;0;0;52;29;1;0;0
2013-04-29 05;348;0;0;0;0;0;0;0;0;0;0;12;4;1;0;0
2013-04-29 06;347;0;0;0;0;0;0;0;0;0;0;17;3;1;0;0
2013-04-29 07;348;0;0;0;0;0;0;0;0;0;0;24;2;1;0;0
2013-04-29 08;296;22;0;0;0;1;29407;29407.0;1;16219;16219.0;35;2;1;0;0
2013-04-29 09;347;0;0;0;0;0;0;0;0;0;0;18;0;1;0;0
2013-04-29 10;347;0;0;0;0;0;0;0;0;0;0;20;0;1;0;0
2013-04-29 11;347;0;0;0;0;0;0;0;0;0;0;19;0;1;0;0
2013-04-29 12;347;0;0;0;0;0;0;0;0;0;0;22;0;1;0;0
2013-04-29 13;346;0;0;0;0;0;0;0;0;0;0;29;0;1;0;0
2013-04-29 14;348;0;0;0;0;0;0;0;0;0;0;16;0;1;0;0
2013-04-29 15;348;0;0;0;0;0;0;0;0;0;0;19;0;1;0;0
2013-04-29 16;348;0;0;0;0;0;0;0;0;0;0;27;1;1;0;0
2013-04-29 17;296;21;0;0;0;1;12563;12563.0;0;0;0;44;13;1;0;0
2013-04-29 18;249;65;3;0;0;0;0;0;0;0;0;143;13;1;0;0
2013-04-29 19;301;45;0;0;0;0;0;0;0;0;0;98;6;2;0;0
2013-04-29 20;279;43;1;0;0;0;0;0;0;0;0;63;15;1;0;0
2013-04-29 21;346;0;0;0;0;1;3675;3675.0;0;0;0;18;34;1;0;0
2013-04-29 22;233;61;0;0;0;0;0;0;0;0;0;77;35;1;0;0
2013-04-29 23;282;27;0;0;0;0;0;0;0;0;0;50;30;1;0;0
2013-04-30 00;301;9;0;0;0;0;0;0;0;0;0;55;32;1;0;0
2013-04-30 01;338;0;0;0;0;0;0;0;0;0;0;50;38;1;0;0
2013-04-30 02;318;0;0;0;0;0;0;0;0;0;0;43;33;1;0;3
2013-04-30 03;291;3;0;0;0;0;0;0;0;0;0;37;30;1;0;0
2013-04-30 04;284;5;0;0;0;0;0;0;0;0;0;52;27;1;0;0
2013-04-30 05;310;12;0;0;0;0;0;0;0;0;0;41;21;1;0;0
2013-04-30 06;307;7;0;0;0;0;0;0;0;0;0;33;26;1;0;3
2013-04-30 07;319;9;0;0;0;0;0;0;0;0;0;38;23;1;0;0
2013-04-30 08;319;0;0;0;0;0;0;0;0;0;0;45;19;1;0;0
2013-04-30 09;256;1;0;0;0;0;0;0;0;0;0;46;13;1;0;0
2013-04-30 10;343;0;0;0;0;0;0;0;0;0;0;38;14;1;0;0
2013-04-30 11;304;6;0;0;0;0;0;0;0;0;0;53;10;1;0;0
2013-04-30 12;257;27;0;0;0;0;0;0;0;0;0;78;9;1;0;0
2013-04-30 13;302;19;0;0;0;1;4606;4606.0;0;0;0;81;11;1;0;0
2013-04-30 14;266;72;0;0;0;0;0;0;0;0;0;65;17;1;0;0
2013-04-30 15;300;31;0;0;0;0;0;0;0;0;0;81;6;1;0;0
2013-04-30 16;337;4;0;0;0;0;0;0;0;0;0;27;0;1;0;0
2013-04-30 17;348;0;0;0;0;0;0;0;0;0;0;17;0;1;0;0
2013-04-30 18;348;0;0;0;0;0;0;0;0;0;0;11;0;1;0;0
2013-04-30 19;346;0;0;0;0;0;0;0;0;0;0;23;0;1;0;0
2013-04-30 20;345;0;0;0;0;0;0;0;0;0;0;11;0;1;0;0
2013-04-30 21;345;0;0;0;0;0;0;0;0;0;0;16;1;1;0;0
2013-04-30 22;345;0;0;0;0;0;0;0;0;0;0;27;0;1;0;0
2013-04-30 23;346;0;0;0;0;0;0;0;0;0;0;16;1;1;0;0
2013-05-01 00;348;0;0;0;0;0;0;0;0;0;0;19;1;1;0;0
2013-05-01 01;348;0;0;0;0;0;0;0;0;0;0;30;0;1;0;0
2013-05-01 02;346;0;0;0;0;0;0;0;0;0;0;26;0;1;0;0
2013-05-01 03;344;0;0;0;0;0;0;0;0;0;0;24;0;1;0;0
2013-05-01 04;348;0;0;0;0;0;0;0;0;0;0;20;0;1;0;0
2013-05-01 05;348;0;0;0;0;0;0;0;0;0;0;18;0;1;0;0
2013-05-01 06;348;0;0;0;0;0;0;0;0;0;0;18;0;1;0;0
2013-05-01 07;348;0;0;0;0;0;0;0;0;0;0;24;0;1;0;0
2013-05-01 08;347;0;0;0;0;0;0;0;0;0;0;18;0;1;0;0
2013-05-01 09;346;0;0;0;0;0;0;0;0;0;0;18;0;1;0;0
2013-05-01 10;347;0;0;0;0;0;0;0;0;0;0;22;0;1;0;0
2013-05-01 11;345;0;0;0;0;0;0;0;0;0;0;20;0;1;0;0
2013-05-01 12;292;0;0;0;0;0;0;0;0;0;0;14;0;1;0;0
2013-05-01 13;348;0;0;0;0;0;0;0;0;0;0;22;0;1;0;0
2013-05-01 14;348;0;0;0;0;0;0;0;0;0;0;20;0;1;0;0
2013-05-01 15;348;0;0;0;0;0;0;0;0;0;0;18;1;1;0;0
2013-05-01 16;348;0;0;0;0;0;0;0;0;0;0;22;1;1;0;0
2013-05-01 17;348;0;0;0;0;0;0;0;0;0;0;20;0;1;0;0
2013-05-01 18;345;0;0;0;0;0;0;0;0;0;0;15;0;1;0;0
2013-05-01 19;348;0;0;0;0;0;0;0;0;0;0;21;1;1;0;0
2013-05-01 20;348;0;0;0;0;0;0;0;0;0;0;15;0;1;0;0
2013-05-01 21;349;0;0;0;0;0;0;0;0;0;0;18;0;1;0;0
2013-05-01 22;346;0;0;0;0;0;0;0;0;0;0;24;0;1;0;0
2013-05-01 23;346;0;0;0;0;0;0;0;0;0;0;22;0;1;0;0
2013-05-02 00;346;0;0;0;0;0;0;0;0;0;0;22;0;1;0;0
2013-05-02 01;349;0;0;0;0;0;0;0;0;0;0;27;0;1;0;0
2013-05-02 02;345;0;0;0;0;0;0;0;0;0;0;15;0;1;0;0
2013-05-02 03;346;0;0;0;0;0;0;0;0;0;0;20;0;1;0;0
2013-05-02 04;346;0;0;0;0;0;0;0;0;0;0;20;0;1;0;0
2013-05-02 05;344;0;0;0;0;0;0;0;0;0;0;22;0;1;0;0
2013-05-02 06;343;0;0;0;0;0;0;0;0;0;0;20;0;1;0;0
2013-05-02 07;345;0;0;0;0;0;0;0;0;0;0;27;0;1;0;0
2013-05-02 08;346;0;0;0;0;0;0;0;0;0;0;29;0;1;0;0
2013-05-02 09;343;0;0;0;0;1;18502;18502.0;0;0;0;22;0;1;0;0
2013-05-02 10;347;0;0;0;0;0;0;0;0;0;0;16;0;1;0;0
2013-05-02 11;345;0;0;0;0;0;0;0;0;0;0;17;0;1;0;0
2013-05-02 12;348;0;0;0;0;0;0;0;0;0;0;16;0;1;0;0
2013-05-02 13;340;0;0;0;0;0;0;0;0;0;0;21;0;1;0;0
2013-05-02 14;312;33;0;0;0;0;0;0;0;0;0;57;0;1;0;0
2013-05-02 15;291;39;6;0;0;1;6654;6654.0;0;0;0;64;6;1;0;0
2013-05-02 16;318;24;0;0;0;0;0;0;1;5952;5952.0;34;1;1;0;0
2013-05-02 17;287;38;5;0;0;0;0;0;0;0;0;56;1;1;0;0
2013-05-02 18;276;42;0;0;0;0;0;0;0;0;0;68;28;2;0;0
2013-05-02 19;339;0;0;0;0;0;0;0;1;5627;5627.0;17;18;1;0;0
2013-05-02 20;348;0;0;0;0;0;0;0;0;0;0;5;4;1;0;0
2013-05-02 21;308;36;0;0;0;0;0;0;0;0;0;41;2;1;0;0
2013-05-02 22;347;0;0;0;0;0;0;0;0;0;0;13;0;1;0;0
2013-05-02 23;348;0;0;0;0;0;0;0;0;0;0;11;1;1;0;0
2013-05-03 00;348;0;0;0;0;0;0;0;0;0;0;11;0;1;0;0
2013-05-03 01;316;25;0;0;0;0;0;0;0;0;0;41;0;1;0;0
2013-05-03 02;252;84;0;0;0;0;0;0;0;0;0;50;22;1;0;0
2013-05-03 03;348;0;0;0;0;0;0;0;0;0;0;15;0;1;0;0
2013-05-03 04;348;0;0;0;0;0;0;0;0;0;0;20;0;1;0;0
2013-05-03 05;347;0;0;0;0;0;0;0;0;0;0;14;0;1;0;0
2013-05-03 06;348;0;0;0;0;0;0;0;0;0;0;13;0;1;0;0
2013-05-03 07;348;0;0;0;0;0;0;0;0;0;0;15;0;1;0;0
2013-05-03 08;347;0;0;0;0;0;0;0;0;0;0;14;0;1;0;0
2013-05-03 09;348;0;0;0;0;0;0;0;0;0;0;11;0;1;0;0
2013-05-03 10;348;0;0;0;0;0;0;0;0;0;0;14;0;1;0;0
2013-05-03 11;348;0;0;0;0;0;0;0;0;0;0;15;0;1;0;0
2013-05-03 12;348;0;0;0;0;0;0;0;0;0;0;10;0;1;0;0
2013-05-03 13;348;0;0;0;0;0;0;0;0;0;0;14;0;1;0;0
2013-05-03 14;298;12;0;0;0;0;0;0;0;0;0;54;0;1;0;0
2013-05-03 15;267;21;0;0;0;1;7135;7135.0;0;0;0;96;7;1;0;0
2013-05-03 16;344;2;0;0;0;0;0;0;0;0;0;22;26;1;0;0
2013-05-03 17;288;13;0;2634;2634.0;0;0;0;0;0;0;93;34;2;0;0
2013-05-03 18;225;43;0;0;0;1;5012;5012.0;0;0;0;122;13;1;0;0
2013-05-03 19;231;45;0;1877;625.6666666666666;0;0;0;0;0;0;91;1;1;0;0
2013-05-03 20;348;0;0;0;0;0;0;0;0;0;0;18;0;1;0;0
2013-05-03 21;347;0;0;221;110.5;0;0;0;0;0;0;19;0;1;0;0
2013-05-03 22;348;0;0;0;0;0;0;0;0;0;0;19;0;1;0;0
2013-05-03 23;347;0;0;0;0;0;0;0;0;0;0;18;0;1;0;0
2013-05-04 00;348;0;0;0;0;0;0;0;0;0;0;15;0;1;0;0
2013-05-04 01;346;0;0;971;971.0;0;0;0;0;0;0;20;0;1;0;0
2013-05-04 02;348;0;0;554;184.66666666666666;0;0;0;0;0;0;20;0;1;0;0
2013-05-04 03;347;0;0;0;0;0;0;0;0;0;0;19;0;1;0;0
2013-05-04 04;348;0;0;857;857.0;0;0;0;0;0;0;29;0;1;0;0
2013-05-04 05;347;0;0;0;0;0;0;0;0;0;0;19;0;1;0;0
2013-05-04 06;348;0;0;272;272.0;0;0;0;0;0;0;18;0;1;0;0
2013-05-04 07;347;0;0;0;0;0;0;0;0;0;0;27;0;1;0;0
2013-05-04 08;348;0;0;0;0;0;0;0;0;0;0;26;0;1;0;0
2013-05-04 09;347;0;0;0;0;0;0;0;0;0;0;27;0;1;0;0
2013-05-04 10;346;0;0;0;0;0;0;0;0;0;0;30;0;1;0;0
2013-05-04 11;347;0;0;0;0;0;0;0;0;0;0;27;0;1;0;0
2013-05-04 12;346;0;0;0;0;0;0;0;0;0;0;26;0;1;0;0
2013-05-04 13;344;0;0;0;0;1;18623;18623.0;0;0;0;33;0;1;0;0
2013-05-04 14;348;0;0;121;121.0;0;0;0;0;0;0;21;0;1;0;0
2013-05-04 15;347;0;0;0;0;0;0;0;0;0;0;29;0;1;0;0
2013-05-04 16;348;0;0;354;177.0;0;0;0;0;0;0;24;0;1;0;0
2013-05-04 17;347;0;0;0;0;0;0;0;0;0;0;21;0;1;0;0
2013-05-04 18;346;0;0;0;0;0;0;0;0;0;0;19;0;1;0;0
2013-05-04 19;294;37;0;111;111.0;0;0;0;0;0;0;41;9;1;0;0
2013-05-04 20;344;0;0;0;0;0;0;0;0;0;0;25;12;1;0;0
2013-05-04 21;309;11;2;2219;554.75;1;5615;5615.0;0;0;0;22;16;1;0;0
2013-05-04 22;346;0;0;3041;608.2;0;0;0;0;0;0;24;14;1;0;0
2013-05-04 23;299;37;0;192;192.0;1;15373;15373.0;1;14963;14963.0;48;15;1;0;0
2013-05-05 00;347;0;0;0;0;0;0;0;0;0;0;24;0;1;0;0
2013-05-05 01;347;0;0;0;0;0;0;0;0;0;0;20;0;1;0;0
2013-05-05 02;350;0;0;928;928.0;0;0;0;0;0;0;15;0;1;0;0
2013-05-05 03;316;6;0;0;0;0;0;0;0;0;0;16;0;1;0;0
2013-05-05 04;346;0;0;0;0;0;0;0;0;0;0;18;0;1;0;0
2013-05-05 05;346;0;0;0;0;0;0;0;0;0;0;19;0;1;0;0
2013-05-05 06;345;0;0;0;0;0;0;0;0;0;0;18;0;1;0;0
2013-05-05 07;344;0;0;0;0;0;0;0;0;0;0;22;0;1;0;0
2013-05-05 08;345;0;0;0;0;0;0;0;0;0;0;17;0;1;0;0
2013-05-05 09;346;0;0;0;0;0;0;0;0;0;0;19;0;1;0;0
2013-05-05 10;343;0;0;0;0;0;0;0;0;0;0;24;0;1;0;0
2013-05-05 11;348;0;0;928;928.0;0;0;0;0;0;0;20;0;1;0;0
2013-05-05 12;341;0;0;1412;706.0;0;0;0;0;0;0;18;0;1;0;0
2013-05-05 13;343;0;0;756;756.0;0;0;0;0;0;0;23;0;1;0;0
2013-05-05 14;347;0;0;0;0;1;7913;7913.0;0;0;0;20;0;1;0;0
2013-05-05 15;348;0;0;0;0;0;0;0;0;0;0;20;0;1;0;0
2013-05-05 16;347;0;0;0;0;0;0;0;0;0;0;18;0;1;0;0
2013-05-05 17;347;0;0;0;0;0;0;0;0;0;0;15;0;1;0;0
2013-05-05 18;348;0;0;0;0;0;0;0;0;0;0;15;0;1;0;0
2013-05-05 19;347;0;0;223;111.5;0;0;0;0;0;0;20;0;1;0;0
2013-05-05 20;347;0;0;305;152.5;0;0;0;0;0;0;22;0;1;0;0
2013-05-05 21;347;0;0;1170;1170.0;0;0;0;0;0;0;21;0;1;0;0
2013-05-05 22;348;0;0;0;0;0;0;0;0;0;0;24;0;1;0;0
2013-05-05 23;347;0;0;0;0;0;0;0;0;0;0;19;0;1;0;0
2013-05-06 00;348;0;0;464;232.0;0;0;0;0;0;0;23;0;1;0;0
2013-05-06 01;347;0;0;0;0;0;0;0;0;0;0;20;1;1;0;0
2013-05-06 02;348;0;0;0;0;0;0;0;0;0;0;19;0;1;0;0
2013-05-06 03;347;0;0;0;0;0;0;0;0;0;0;17;0;1;0;0
2013-05-06 04;348;0;0;0;0;0;0;0;0;0;0;23;0;1;0;0
2013-05-06 05;347;0;0;0;0;0;0;0;0;0;0;17;1;1;0;0
2013-05-06 06;348;0;0;0;0;0;0;0;0;0;0;15;1;1;0;0
2013-05-06 07;347;0;0;0;0;0;0;0;0;0;0;22;0;1;0;0
2013-05-06 08;347;0;0;0;0;0;0;0;0;0;0;20;0;1;0;0
2013-05-06 09;348;0;0;0;0;0;0;0;0;0;0;18;0;1;0;0
2013-05-06 10;347;0;0;0;0;0;0;0;0;0;0;24;0;1;0;0
2013-05-06 11;348;0;0;0;0;0;0;0;0;0;0;22;0;1;0;0
2013-05-06 12;259;0;0;948;948.0;0;0;0;0;0;0;26;0;1;0;0
2013-05-06 13;348;0;0;0;0;0;0;0;0;0;0;25;0;1;0;0
2013-05-06 14;344;0;0;71;71.0;0;0;0;0;0;0;27;0;1;0;0
2013-05-06 15;237;65;0;2834;2834.0;0;0;0;0;0;0;122;12;2;0;0
2013-05-06 16;305;30;0;252;252.0;0;0;0;0;0;0;62;6;1;0;0
2013-05-06 17;347;0;0;0;0;0;0;0;0;0;0;22;0;1;0;0
2013-05-06 18;348;0;0;0;0;0;0;0;0;0;0;13;0;1;0;0
2013-05-06 19;347;0;0;0;0;0;0;0;0;0;0;18;1;1;0;0
2013-05-06 20;347;0;0;999;499.5;0;0;0;0;0;0;12;0;1;0;0
2013-05-06 21;348;0;0;847;847.0;0;0;0;0;0;0;9;0;1;0;0
2013-05-06 22;348;0;0;1856;928.0;0;0;0;0;0;0;10;0;1;0;0
2013-05-06 23;347;0;0;464;464.0;0;0;0;0;0;0;13;0;1;0;0
2013-05-07 00;348;0;0;0;0;0;0;0;0;0;0;13;0;1;0;0
2013-05-07 01;347;0;0;91;91.0;0;0;0;0;0;0;16;0;1;0;0
2013-05-07 02;348;0;0;696;348.0;0;0;0;0;0;0;16;0;1;0;0
2013-05-07 03;347;0;0;0;0;0;0;0;0;0;0;14;0;1;0;0
2013-05-07 04;347;0;0;0;0;0;0;0;0;0;0;17;0;1;0;0
2013-05-07 05;348;0;0;0;0;0;0;0;0;0;0;15;0;1;0;0
2013-05-07 06;348;0;0;0;0;0;0;0;0;0;0;17;0;1;0;0
2013-05-07 07;348;0;0;0;0;0;0;0;0;0;0;19;0;1;0;0
2013-05-07 08;348;0;0;0;0;0;0;0;0;0;0;16;0;1;0;0
2013-05-07 09;348;0;0;0;0;0;0;0;0;0;0;15;0;1;0;0
2013-05-07 10;348;0;0;0;0;0;0;0;0;0;0;23;0;1;0;0
2013-05-07 11;348;0;0;0;0;0;0;0;0;0;0;19;0;1;0;0
2013-05-07 12;347;0;0;736;736.0;0;0;0;0;0;0;15;0;1;0;0
2013-05-07 13;348;0;0;60;60.0;0;0;0;0;0;0;26;0;1;0;0
2013-05-07 14;335;7;0;0;0;0;0;0;0;0;0;16;0;1;0;0
2013-05-07 15;339;3;0;101;101.0;1;15681;15681.0;0;0;0;10;0;1;0;0
2013-05-07 16;348;0;0;151;151.0;0;0;0;0;0;0;27;0;1;0;0
2013-05-07 17;348;0;0;434;217.0;0;0;0;0;0;0;22;0;1;0;0
2013-05-07 18;347;0;0;0;0;0;0;0;0;0;0;16;0;1;0;0
2013-05-07 19;327;5;0;6868;6868.0;1;7601;7601.0;0;0;0;38;0;1;0;0
2013-05-07 20;344;2;0;0;0;0;0;0;0;0;0;8;4;1;0;0
2013-05-07 21;295;33;0;444;444.0;0;0;0;0;0;0;51;5;1;0;0
2013-05-07 22;339;0;0;2753;2753.0;1;4229;4229.0;1;4257;4257.0;28;28;1;0;0
2013-05-07 23;309;8;0;2703;1351.5;0;0;0;1;3967;3967.0;49;32;1;0;0
2013-05-08 00;303;3;0;3698;924.5;0;0;0;0;0;0;22;27;1;0;0
2013-05-08 01;250;27;0;4176;2088.0;0;0;0;0;0;0;85;21;1;0;0
2013-05-08 02;256;62;0;1465;1465.0;1;7561;7561.0;1;4067;4067.0;88;7;2;0;0
2013-05-08 03;286;56;0;3309;3309.0;0;0;0;0;0;0;80;6;1;0;0
2013-05-08 04;296;4;0;1817;454.25;0;0;0;0;0;0;42;25;1;0;0
2013-05-08 05;178;43;5;1230;246.0;0;0;0;0;0;0;119;25;1;0;0
2013-05-08 06;309;5;0;4716;1179.0;0;0;0;0;0;0;51;23;1;0;0
2013-05-08 07;284;30;0;989;989.0;1;5084;5084.0;0;0;0;58;18;1;0;0
2013-05-08 08;341;0;0;0;0;0;0;0;0;0;0;14;0;1;0;0
2013-05-08 09;349;0;0;0;0;0;0;0;0;0;0;15;0;1;0;0
2013-05-08 10;348;0;0;0;0;0;0;0;0;0;0;23;0;1;0;0
2013-05-08 11;349;0;0;0;0;0;0;0;0;0;0;26;0;1;0;0
2013-05-08 12;23;0;0;0;0;0;0;0;0;0;0;24;0;1;0;0
2013-05-14 23;292;24;0;2037;679.0;0;0;0;0;0;0;17;0;1;0;0
2013-05-15 00;251;38;0;2016;1008.0;0;0;0;0;0;0;71;20;1;0;0
2013-05-15 01;276;46;0;2451;612.75;0;0;0;0;0;0;46;12;1;0;0
2013-05-15 02;346;0;0;1996;1996.0;1;4912;4912.0;0;0;0;7;1;1;0;0
2013-05-15 03;293;7;0;2148;358.0;0;0;0;0;0;0;5;1;1;0;0
2013-05-15 04;347;0;0;1251;312.75;1;5286;5286.0;0;0;0;9;1;1;0;0
2013-05-15 05;348;0;0;354;118.0;0;0;0;0;0;0;5;1;1;0;0
2013-05-15 06;347;0;0;222;111.0;1;30219;30219.0;1;28674;28674.0;18;1;1;0;0
2013-05-15 07;348;0;0;0;0;0;0;0;0;0;0;26;0;1;0;0
2013-05-15 08;348;0;0;0;0;0;0;0;0;0;0;23;0;1;0;0
2013-05-15 09;348;0;0;0;0;0;0;0;0;0;0;28;0;1;0;0
2013-05-15 10;348;0;0;0;0;0;0;0;0;0;0;24;0;1;0;0
2013-05-15 11;348;0;0;0;0;0;0;0;0;0;0;19;0;1;0;0
2013-05-15 12;348;0;0;0;0;0;0;0;0;0;0;30;0;1;0;0
2013-05-15 13;348;0;0;0;0;0;0;0;0;0;0;26;0;1;0;0
2013-05-15 14;295;31;6;3409;3409.0;0;0;0;0;0;0;78;0;1;0;0
2013-05-15 15;300;18;0;0;0;1;7568;7568.0;1;4279;4279.0;68;5;1;0;0
2013-05-15 16;348;0;0;0;0;0;0;0;0;0;0;20;18;1;0;0
2013-05-15 17;300;35;0;4609;2304.5;0;0;0;0;0;0;69;27;1;0;0
2013-05-15 18;259;60;0;0;0;0;0;0;1;3625;3625.0;59;12;1;0;0
2013-05-15 19;341;2;0;142;71.0;0;0;0;1;31232;31232.0;16;21;1;0;0
2013-05-15 20;347;0;0;413;206.5;0;0;0;0;0;0;19;22;1;0;0
2013-05-15 21;347;0;0;846;282.0;0;0;0;0;0;0;15;20;1;0;0
2013-05-15 22;347;0;0;1208;201.33333333333334;0;0;0;0;0;0;16;15;1;0;0
2013-05-15 23;348;0;0;0;0;0;0;0;0;0;0;14;13;1;0;0
2013-05-16 00;347;0;0;0;0;0;0;0;0;0;0;20;11;1;0;0
2013-05-16 01;348;0;0;0;0;0;0;0;0;0;0;16;15;1;0;0
2013-05-16 02;347;0;0;1128;376.0;0;0;0;0;0;0;16;17;1;0;0
2013-05-16 03;304;40;0;1967;327.8333333333333;0;0;0;1;5095;5095.0;58;23;1;0;0
2013-05-16 04;332;11;0;2248;374.6666666666667;0;0;0;0;0;0;21;1;1;0;0
2013-05-16 05;347;0;0;131;131.0;1;5317;5317.0;0;0;0;6;0;1;0;0
2013-05-16 06;336;0;0;0;0;0;0;0;0;0;0;5;0;1;0;0
2013-05-16 07;343;0;0;817;204.25;0;0;0;0;0;0;4;0;1;0;0
2013-05-16 08;334;0;0;595;595.0;1;22222;22222.0;1;22277;22277.0;11;0;1;0;0
2013-05-16 09;348;0;0;0;0;0;0;0;0;0;0;20;0;1;1;0
2013-05-16 10;347;0;0;0;0;0;0;0;0;0;0;19;0;1;0;0
2013-05-16 11;348;0;0;0;0;0;0;0;0;0;0;16;0;1;0;0
2013-05-16 12;347;0;0;474;474.0;0;0;0;0;0;0;17;0;1;0;0
2013-05-16 13;348;0;0;403;403.0;0;0;0;0;0;0;16;0;1;0;0
2013-05-16 14;300;44;0;0;0;0;0;0;0;0;0;29;0;1;0;0
2013-05-16 15;296;26;0;3027;3027.0;1;9910;9910.0;0;0;0;55;6;1;0;0
2013-05-16 16;348;0;0;80;80.0;0;0;0;0;0;0;16;20;1;0;0
2013-05-16 17;348;0;0;263;87.66666666666667;0;0;0;0;0;0;18;20;1;0;0
2013-05-16 18;307;8;0;1018;145.42857142857142;1;28682;28682.0;0;0;0;24;18;1;0;0
2013-05-16 19;319;22;0;7202;1800.5;0;0;0;1;27805;27805.0;39;12;1;0;0
2013-05-16 20;347;0;0;0;0;0;0;0;0;0;0;6;2;1;0;0
2013-05-16 21;340;3;0;212;212.0;0;0;0;0;0;0;19;1;1;0;0
2013-05-16 22;291;42;0;2673;891.0;0;0;0;0;0;0;74;14;1;0;0
2013-05-16 23;256;81;0;140;70.0;0;0;0;0;0;0;68;3;2;0;0
2013-05-17 00;253;80;0;1007;503.5;0;0;0;0;0;0;110;1;2;0;0
2013-05-17 01;346;1;0;5285;5285.0;0;0;0;0;0;0;14;0;1;0;0
2013-05-17 02;221;64;0;131;131.0;0;0;0;0;0;0;93;0;2;0;0
2013-05-17 03;348;0;0;80;80.0;0;0;0;0;0;0;23;0;1;0;0
2013-05-17 04;347;0;0;0;0;0;0;0;0;0;0;18;0;1;0;0
2013-05-17 05;348;0;0;0;0;0;0;0;0;0;0;16;0;1;0;0
2013-05-17 06;347;0;0;0;0;0;0;0;0;0;0;19;1;1;0;0
2013-05-17 07;348;0;0;0;0;0;0;0;0;0;0;18;0;1;0;0
2013-05-17 08;347;0;0;0;0;0;0;0;0;0;0;23;0;1;0;0
2013-05-17 09;348;0;0;0;0;0;0;0;0;0;0;25;0;1;0;0
2013-05-17 10;347;0;0;0;0;0;0;0;0;0;0;20;0;1;0;0
2013-05-17 11;348;0;0;0;0;0;0;0;0;0;0;17;0;1;0;0
2013-05-17 12;347;0;0;0;0;0;0;0;0;0;0;21;0;1;0;0
2013-05-17 13;347;0;0;0;0;0;0;0;0;0;0;19;0;1;0;0
2013-05-17 14;347;0;0;121;60.5;0;0;0;0;0;0;23;0;1;0;0
2013-05-17 15;347;0;0;0;0;0;0;0;0;0;0;18;0;1;0;0
2013-05-17 16;348;0;0;0;0;0;0;0;0;0;0;17;0;1;0;0
2013-05-17 17;347;0;0;0;0;0;0;0;0;0;0;17;0;1;0;0
2013-05-17 18;348;0;0;0;0;0;0;0;0;0;0;26;1;1;0;0
2013-05-17 19;348;0;0;544;181.33333333333334;0;0;0;0;0;0;24;0;1;0;0
2013-05-17 20;347;0;0;0;0;0;0;0;0;0;0;15;0;1;0;0
2013-05-17 21;347;0;0;0;0;0;0;0;0;0;0;20;0;1;0;0
2013-05-17 22;348;0;0;0;0;0;0;0;0;0;0;17;0;1;0;0
2013-05-17 23;347;0;0;0;0;0;0;0;0;0;0;14;0;1;0;0
2013-05-18 00;348;0;0;0;0;0;0;0;0;0;0;21;0;1;0;0
2013-05-18 01;347;0;0;0;0;0;0;0;0;0;0;19;0;1;0;0
2013-05-18 02;348;0;0;0;0;0;0;0;0;0;0;16;0;1;0;0
2013-05-18 03;347;0;0;0;0;0;0;0;0;0;0;24;0;1;0;0
2013-05-18 04;348;0;0;2665;444.1666666666667;0;0;0;0;0;0;21;0;1;0;0
2013-05-18 05;347;0;0;0;0;0;0;0;0;0;0;21;0;1;0;0
2013-05-18 06;348;0;0;0;0;0;0;0;0;0;0;20;0;1;0;0
2013-05-18 07;347;0;0;0;0;0;0;0;0;0;0;17;0;1;0;0
2013-05-18 08;348;0;0;0;0;0;0;0;0;0;0;21;1;1;0;0
2013-05-18 09;347;0;0;0;0;0;0;0;0;0;0;25;0;1;0;0
2013-05-18 10;348;0;0;0;0;0;0;0;0;0;0;24;0;1;0;0
2013-05-18 11;347;0;0;0;0;0;0;0;0;0;0;20;0;1;0;0
2013-05-18 12;347;0;0;0;0;0;0;0;0;0;0;22;0;1;0;0
2013-05-18 13;348;0;0;0;0;0;0;0;0;0;0;18;0;1;0;0
2013-05-18 14;347;0;0;0;0;0;0;0;0;0;0;27;0;1;0;0
2013-05-18 15;348;0;0;0;0;0;0;0;0;0;0;25;0;1;0;0
2013-05-18 16;347;0;0;0;0;0;0;0;0;0;0;17;0;1;0;0
2013-05-18 17;346;0;0;0;0;0;0;0;0;0;0;18;0;1;0;0
2013-05-18 18;230;59;0;2773;924.3333333333334;0;0;0;0;0;0;117;4;2;0;0
2013-05-18 19;281;60;0;344;172.0;0;0;0;0;0;0;107;1;2;0;0
2013-05-18 20;347;0;0;0;0;0;0;0;0;0;0;18;0;1;0;0
2013-05-18 21;347;0;0;0;0;0;0;0;0;0;0;16;0;1;0;0
2013-05-18 22;347;0;0;202;202.0;0;0;0;0;0;0;13;0;1;0;0
2013-05-18 23;344;0;0;0;0;0;0;0;0;0;0;15;0;1;0;0
2013-05-19 00;351;0;0;435;145.0;0;0;0;0;0;0;15;0;1;0;0
2013-05-19 01;347;0;0;4690;4690.0;0;0;0;0;0;0;7;0;1;0;0
2013-05-19 02;347;0;0;3572;3572.0;0;0;0;0;0;0;11;0;1;0;0
2013-05-19 03;347;0;0;504;504.0;0;0;0;0;0;0;8;0;1;0;0
2013-05-19 04;347;0;0;464;464.0;0;0;0;0;0;0;9;0;1;0;0
2013-05-19 05;346;0;0;624;156.0;0;0;0;0;0;0;8;0;1;0;0
2013-05-19 06;348;0;0;0;0;0;0;0;0;0;0;10;0;1;0;0
2013-05-19 07;347;0;0;0;0;0;0;0;0;0;0;9;0;1;0;0
2013-05-19 08;348;0;0;0;0;0;0;0;0;0;0;8;0;1;0;0
2013-05-19 09;347;0;0;0;0;0;0;0;0;0;0;11;0;1;0;0
2013-05-19 10;348;0;0;0;0;0;0;0;0;0;0;11;0;1;0;0
2013-05-19 11;347;0;0;0;0;0;0;0;0;0;0;10;0;1;0;0
2013-05-19 12;348;0;0;0;0;0;0;0;0;0;0;13;0;1;0;0
2013-05-19 13;347;0;0;0;0;0;0;0;0;0;0;11;0;1;0;0
2013-05-19 14;348;0;0;0;0;0;0;0;0;0;0;10;0;1;0;0
2013-05-19 15;347;0;0;0;0;0;0;0;0;0;0;12;0;1;0;0
2013-05-19 16;348;0;0;0;0;0;0;0;0;0;0;9;0;1;0;0
2013-05-19 17;347;0;0;0;0;0;0;0;0;0;0;10;0;1;0;0
2013-05-19 18;347;0;0;0;0;0;0;0;0;0;0;11;0;1;0;0
2013-05-19 19;320;22;0;1462;731.0;0;0;0;0;0;0;38;12;1;0;0
2013-05-19 20;347;0;0;5023;2511.5;0;0;0;0;0;0;29;17;1;0;0
2013-05-19 21;341;0;0;1564;782.0;0;0;0;0;0;0;26;24;1;0;0
2013-05-19 22;346;0;0;2503;500.6;0;0;0;0;0;0;20;22;1;0;0
2013-05-19 23;342;0;0;3043;608.6;0;0;0;0;0;0;24;20;1;0;0
2013-05-20 00;350;0;0;2381;595.25;0;0;0;0;0;0;25;18;1;0;0
2013-05-20 01;38;0;0;0;0;0;0;0;0;0;0;8;17;1;0;0
2013-05-20 17;282;31;0;3927;1309.0;1;7627;7627.0;1;4194;4194.0;37;10;1;0;0
2013-05-20 18;250;35;21;1916;1916.0;0;0;0;0;0;0;89;13;2;0;0
2013-05-20 19;271;60;0;0;0;0;0;0;1;5335;5335.0;93;0;2;0;0
2013-05-20 20;348;0;0;191;191.0;0;0;0;0;0;0;25;0;1;0;0
2013-05-20 21;343;0;0;283;283.0;0;0;0;1;18896;18896.0;14;0;1;0;0
2013-05-20 22;348;0;0;0;0;0;0;0;0;0;0;15;0;1;0;0
2013-05-20 23;348;0;0;3461;1730.5;0;0;0;0;0;0;14;0;1;0;0
2013-05-21 00;347;0;0;424;212.0;0;0;0;0;0;0;17;0;1;0;0
2013-05-21 01;348;0;0;1260;1260.0;0;0;0;0;0;0;16;0;1;0;0
2013-05-21 02;346;0;0;766;766.0;0;0;0;0;0;0;19;0;1;0;0
2013-05-21 03;347;0;0;1725;862.5;0;0;0;0;0;0;24;0;1;0;0
2013-05-21 04;348;0;0;0;0;0;0;0;0;0;0;20;0;1;0;0
2013-05-21 05;347;0;0;0;0;0;0;0;0;0;0;23;0;1;0;0
2013-05-21 06;348;0;0;0;0;0;0;0;0;0;0;24;0;1;0;0
2013-05-21 07;348;0;0;81;81.0;0;0;0;0;0;0;19;0;1;0;0
2013-05-21 08;347;0;0;0;0;0;0;0;0;0;0;20;0;1;0;0
2013-05-21 09;348;0;0;0;0;0;0;0;0;0;0;25;0;1;0;0
2013-05-21 10;347;0;0;0;0;0;0;0;0;0;0;23;0;1;0;0
2013-05-21 11;348;0;0;0;0;0;0;0;0;0;0;21;0;1;0;0
2013-05-21 12;347;0;0;0;0;0;0;0;0;0;0;21;0;1;0;0
2013-05-21 13;347;0;0;0;0;0;0;0;0;0;0;13;0;1;0;0
2013-05-21 14;347;0;0;111;111.0;0;0;0;0;0;0;19;0;1;0;0
2013-05-21 15;348;0;0;0;0;0;0;0;0;0;0;20;0;1;0;0
2013-05-21 16;347;0;0;0;0;0;0;0;0;0;0;22;0;1;0;0
2013-05-21 17;348;0;0;0;0;0;0;0;0;0;0;18;0;1;0;0
2013-05-21 18;347;0;0;1643;821.5;0;0;0;0;0;0;27;0;1;0;0
2013-05-21 19;348;0;0;101;101.0;0;0;0;0;0;0;20;0;1;0;0
2013-05-21 20;348;0;0;373;93.25;0;0;0;0;0;0;18;0;1;0;0
2013-05-21 21;348;0;0;403;134.33333333333334;0;0;0;0;0;0;20;0;1;0;0
2013-05-21 22;347;0;0;161;161.0;0;0;0;0;0;0;18;0;1;0;0
2013-05-21 23;347;0;0;1099;549.5;0;0;0;0;0;0;15;0;1;0;0
2013-05-22 00;347;0;0;1773;354.6;0;0;0;0;0;0;22;0;1;0;0
2013-05-22 01;348;0;0;0;0;0;0;0;0;0;0;14;0;1;0;0
2013-05-22 02;347;0;0;3872;1936.0;0;0;0;0;0;0;23;0;1;0;0
2013-05-22 03;346;0;0;1059;353.0;0;0;0;0;0;0;22;0;1;0;0
2013-05-22 04;348;0;0;0;0;0;0;0;0;0;0;19;0;1;0;0
2013-05-22 05;347;0;0;0;0;0;0;0;0;0;0;22;0;1;0;0
2013-05-22 06;348;0;0;0;0;0;0;0;0;0;0;22;0;1;0;0
2013-05-22 07;347;0;0;0;0;0;0;0;0;0;0;16;0;1;0;0
2013-05-22 08;348;0;0;0;0;0;0;0;0;0;0;18;0;1;0;0
2013-05-22 09;347;0;0;0;0;0;0;0;0;0;0;17;0;1;0;0
2013-05-22 10;348;0;0;0;0;0;0;0;0;0;0;18;0;1;0;0
2013-05-22 11;347;0;0;0;0;0;0;0;0;0;0;18;0;1;0;0
2013-05-22 12;348;0;0;0;0;0;0;0;0;0;0;18;0;1;0;0
2013-05-22 13;347;0;0;0;0;0;0;0;0;0;0;17;0;1;0;0
2013-05-22 14;348;0;0;0;0;0;0;0;0;0;0;19;0;1;0;0
2013-05-22 15;347;0;0;71;71.0;0;0;0;0;0;0;19;1;1;0;0
2013-05-22 16;348;0;0;0;0;0;0;0;0;0;0;16;0;1;0;0
2013-05-22 17;348;0;0;0;0;0;0;0;0;0;0;16;0;1;0;0
2013-05-22 18;348;0;0;162;81.0;0;0;0;0;0;0;22;0;1;0;0
2013-05-22 19;348;0;0;0;0;0;0;0;0;0;0;17;0;1;0;0
2013-05-22 20;348;0;0;0;0;0;0;0;0;0;0;16;0;1;0;0
2013-05-22 21;347;0;0;121;121.0;0;0;0;0;0;0;17;0;1;0;0
2013-05-22 22;348;0;0;0;0;0;0;0;0;0;0;21;0;1;0;0
2013-05-22 23;347;0;0;0;0;0;0;0;0;0;0;13;0;1;0;0
2013-05-23 00;348;0;0;0;0;0;0;0;0;0;0;16;0;1;0;0
2013-05-23 01;347;0;0;191;95.5;0;0;0;0;0;0;18;0;1;0;0
2013-05-23 02;347;0;0;4608;4608.0;0;0;0;0;0;0;15;0;1;0;0
2013-05-23 03;348;0;0;404;404.0;0;0;0;0;0;0;14;0;1;0;0
2013-05-23 04;347;0;0;1573;1573.0;0;0;0;0;0;0;19;0;1;0;0
2013-05-23 05;347;0;0;0;0;0;0;0;0;0;0;12;0;1;0;0
2013-05-23 06;347;0;0;0;0;0;0;0;0;0;0;17;0;1;0;0
2013-05-23 07;348;0;0;0;0;0;0;0;0;0;0;19;0;1;0;0
2013-05-23 08;347;0;0;0;0;0;0;0;0;0;0;19;0;1;0;0
2013-05-23 09;348;0;0;0;0;0;0;0;0;0;0;21;0;1;0;0
2013-05-23 10;347;0;0;0;0;0;0;0;0;0;0;16;0;1;0;0
2013-05-23 11;348;0;0;0;0;0;0;0;0;0;0;19;0;1;0;0
2013-05-23 12;347;0;0;0;0;0;0;0;0;0;0;20;0;1;0;0
2013-05-23 13;348;0;0;0;0;0;0;0;0;0;0;21;0;1;0;0
2013-05-23 14;348;0;0;0;0;0;0;0;0;0;0;18;0;1;0;0
2013-05-23 15;347;0;0;182;91.0;0;0;0;0;0;0;17;1;1;0;0
2013-05-23 16;279;44;0;897;897.0;1;24327;24327.0;0;0;0;98;3;2;0;0
2013-05-23 17;264;48;0;2713;2713.0;0;0;0;1;13119;13119.0;53;6;1;0;0
2013-05-23 18;347;0;0;454;113.5;0;0;0;0;0;0;20;36;1;0;0
2013-05-23 19;328;16;2;444;111.0;0;0;0;0;0;0;26;22;1;0;0
2013-05-23 20;344;3;0;4851;2425.5;0;0;0;0;0;0;10;1;1;0;0
2013-05-23 21;288;26;0;0;0;0;0;0;1;5594;5594.0;40;9;1;0;0
2013-05-23 22;309;28;3;2421;2421.0;0;0;0;0;0;0;41;1;1;0;0
2013-05-23 23;244;4;0;1482;741.0;1;5018;5018.0;0;0;0;17;21;1;0;0
2013-05-24 00;347;0;0;2833;708.25;0;0;0;0;0;0;23;16;1;0;0
2013-05-24 01;314;13;0;4326;2163.0;0;0;0;0;0;0;66;37;1;0;0
2013-05-24 02;304;39;0;353;353.0;0;0;0;0;0;0;139;43;1;0;0
2013-05-24 03;348;0;0;1472;736.0;0;0;0;0;0;0;33;0;1;0;0
2013-05-24 04;347;0;0;3006;1002.0;0;0;0;0;0;0;35;0;1;0;0
2013-05-24 05;348;0;0;0;0;0;0;0;0;0;0;29;1;1;0;0
2013-05-24 06;347;0;0;0;0;0;0;0;0;0;0;28;0;1;0;0
2013-05-24 07;348;0;0;0;0;0;0;0;0;0;0;32;0;1;0;0
2013-05-24 08;347;0;0;0;0;0;0;0;0;0;0;30;0;1;0;0
2013-05-24 09;348;0;0;0;0;0;0;0;0;0;0;31;0;1;0;0
2013-05-24 10;347;0;0;0;0;0;0;0;0;0;0;33;0;1;0;0
2013-05-24 11;348;0;0;0;0;0;0;0;0;0;0;28;0;1;0;0
2013-05-24 12;347;0;0;0;0;0;0;0;0;0;0;30;0;1;0;0
2013-05-24 13;348;0;0;0;0;0;0;0;0;0;0;31;2;1;0;0
2013-05-24 14;348;0;0;0;0;0;0;0;0;0;0;35;2;1;0;0
2013-05-24 15;347;0;0;61;61.0;0;0;0;0;0;0;31;5;1;0;0
2013-05-24 16;348;0;0;0;0;0;0;0;0;0;0;31;1;1;0;0
2013-05-24 17;346;0;0;0;0;0;0;0;0;0;0;31;0;1;0;0
2013-05-24 18;347;0;0;0;0;0;0;0;0;0;0;30;2;1;0;0
2013-05-24 19;348;0;0;272;272.0;0;0;0;0;0;0;37;3;1;0;0
2013-05-24 20;348;0;0;0;0;0;0;0;0;0;0;35;2;1;0;0
2013-05-24 21;347;0;0;2148;716.0;0;0;0;0;0;0;38;1;1;0;0
2013-05-24 22;347;0;0;293;146.5;0;0;0;0;0;0;30;0;1;0;0
2013-05-24 23;348;0;0;0;0;0;0;0;0;0;0;29;3;1;0;0
2013-05-25 00;346;0;0;1352;1352.0;0;0;0;0;0;0;34;2;1;0;0
2013-05-25 01;348;0;0;0;0;0;0;0;0;0;0;29;0;1;0;0
2013-05-25 02;347;0;0;60;60.0;0;0;0;0;0;0;30;1;1;0;0
2013-05-25 03;330;2;0;262;262.0;0;0;0;0;0;0;42;0;1;0;0
2013-05-25 04;338;0;0;1573;1573.0;0;0;0;0;0;0;40;1;1;0;0
2013-05-25 05;337;0;0;3641;1820.5;1;3795;3795.0;0;0;0;39;0;1;0;0
2013-05-25 06;348;0;0;50;50.0;1;33773;33773.0;0;0;0;34;0;1;0;0
2013-05-25 07;347;0;0;0;0;0;0;0;0;0;0;26;0;1;0;0
2013-05-25 08;348;0;0;0;0;0;0;0;0;0;0;28;1;1;0;0
2013-05-25 09;347;0;0;0;0;0;0;0;0;0;0;29;0;1;0;0
2013-05-25 10;348;0;0;0;0;0;0;0;0;0;0;29;0;1;0;0
2013-05-25 11;347;0;0;0;0;0;0;0;0;0;0;31;0;1;0;0
2013-05-25 12;348;0;0;141;70.5;0;0;0;0;0;0;32;0;1;0;0
2013-05-25 13;347;0;0;0;0;0;0;0;0;0;0;34;0;1;0;0
2013-05-25 14;348;0;0;0;0;0;0;0;0;0;0;31;0;1;0;0
2013-05-25 15;347;0;0;0;0;0;0;0;0;0;0;35;0;1;0;0
2013-05-25 16;348;0;0;1352;676.0;1;10050;10050.0;0;0;0;32;0;1;0;0
2013-05-25 17;341;1;0;1080;1080.0;0;0;0;0;0;0;44;0;1;0;0
2013-05-25 18;334;1;0;253;126.5;0;0;0;0;0;0;41;0;1;0;0
2013-05-25 19;344;2;0;0;0;1;15194;15194.0;0;0;0;39;0;1;0;0
2013-05-25 20;344;0;0;0;0;0;0;0;1;8874;8874.0;47;2;1;0;0
2013-05-25 21;347;0;0;1573;1573.0;0;0;0;0;0;0;34;1;1;0;0
2013-05-25 22;348;0;0;0;0;0;0;0;0;0;0;32;1;1;0;0
2013-05-25 23;266;24;0;1633;544.3333333333334;0;0;0;0;0;0;127;41;1;0;0
2013-05-26 00;311;0;0;2670;667.5;0;0;0;0;0;0;46;31;1;0;0
2013-05-26 01;348;0;0;1683;561.0;1;6967;6967.0;0;0;0;56;39;1;0;0
2013-05-26 02;348;0;0;596;198.66666666666666;0;0;0;0;0;0;70;44;1;0;0
2013-05-26 03;332;5;3;4004;2002.0;0;0;0;0;0;0;55;39;1;0;0
2013-05-26 04;322;10;0;1916;958.0;0;0;0;0;0;0;57;27;1;0;0
2013-05-26 05;326;0;0;2918;972.6666666666666;0;0;0;0;0;0;63;33;1;0;0
2013-05-26 06;327;2;0;2160;360.0;1;4237;4237.0;0;0;0;66;29;1;0;0
2013-05-26 07;348;0;0;5093;1697.6666666666667;0;0;0;0;0;0;53;24;1;0;0
2013-05-26 08;333;6;0;2027;1013.5;0;0;0;0;0;0;63;30;1;0;0
2013-05-26 09;258;53;0;1020;255.0;1;28761;28761.0;1;28216;28216.0;158;22;1;0;0
2013-05-26 10;348;0;0;0;0;0;0;0;0;0;0;30;0;1;0;0
2013-05-26 11;347;0;0;0;0;0;0;0;0;0;0;23;0;1;0;0
2013-05-26 12;348;0;0;0;0;0;0;0;0;0;0;28;0;1;0;0
2013-05-26 13;347;0;0;0;0;0;0;0;0;0;0;28;0;1;0;0
2013-05-26 14;348;0;0;0;0;0;0;0;0;0;0;27;0;1;0;0
2013-05-26 15;347;0;0;0;0;0;0;0;0;0;0;27;0;1;0;0
2013-05-26 16;348;0;0;282;94.0;0;0;0;0;0;0;34;2;1;0;0
2013-05-26 17;313;22;0;638;319.0;0;0;0;0;0;0;104;23;1;0;0
2013-05-26 18;326;0;0;0;0;0;0;0;0;0;0;0;0;0;0;0
2013-05-26 19;320;3;0;0;0;0;0;0;0;0;0;0;0;0;0;0
2013-05-26 20;345;0;0;0;0;0;0;0;0;0;0;0;0;0;0;0
2013-05-26 21;335;4;0;0;0;0;0;0;0;0;0;0;0;0;0;0
2013-05-26 22;319;0;0;0;0;0;0;0;0;0;0;0;0;0;0;0
2013-05-26 23;339;2;0;0;0;0;0;0;0;0;0;0;0;0;0;0
2013-05-27 00;339;0;0;0;0;0;0;0;0;0;0;0;0;0;0;0
2013-05-27 01;291;11;0;0;0;0;0;0;0;0;0;0;0;0;0;0
2013-05-27 02;324;2;0;0;0;0;0;0;0;0;0;0;0;0;0;0
2013-05-27 03;305;11;0;0;0;0;0;0;0;0;0;0;0;0;0;0
2013-05-27 04;327;0;0;0;0;0;0;0;0;0;0;0;0;0;0;0
2013-05-27 05;282;34;0;0;0;0;0;0;0;0;0;0;0;0;0;0
2013-05-27 06;344;2;0;0;0;0;0;0;1;33158;33158.0;0;0;0;0;0
2013-05-27 07;347;0;0;0;0;1;34280;34280.0;0;0;0;0;0;0;0;0
2013-05-27 08;348;0;0;0;0;0;0;0;0;0;0;0;0;0;0;0
2013-05-27 09;347;0;0;0;0;0;0;0;0;0;0;0;0;0;0;0
2013-05-27 10;348;0;0;0;0;0;0;0;0;0;0;0;0;0;0;0
2013-05-27 11;347;0;0;0;0;0;0;0;0;0;0;0;0;0;0;0
2013-05-27 12;348;0;0;0;0;0;0;0;0;0;0;0;0;0;0;0
2013-05-27 13;347;0;0;0;0;0;0;0;0;0;0;0;0;0;0;0
2013-05-27 14;346;0;0;0;0;0;0;0;0;0;0;0;0;0;0;0
2013-05-27 15;346;0;0;0;0;0;0;0;0;0;0;0;0;0;0;0
2013-05-27 16;267;35;0;0;0;0;0;0;0;0;0;0;0;0;0;0
2013-05-27 17;326;0;0;0;0;0;0;0;0;0;0;0;0;0;0;0
2013-05-27 18;302;5;0;0;0;0;0;0;0;0;0;0;0;0;0;0
2013-05-27 19;266;8;0;0;0;0;0;0;0;0;0;0;0;0;0;0
2013-05-27 20;300;5;0;0;0;0;0;0;1;9522;9522.0;0;0;0;0;0
2013-05-27 21;345;0;0;0;0;1;12698;12698.0;0;0;0;0;0;0;0;0
2013-05-27 22;347;0;0;0;0;0;0;0;0;0;0;0;0;0;0;0
2013-05-27 23;348;0;0;0;0;0;0;0;0;0;0;0;0;0;0;0
2013-05-28 00;347;0;0;0;0;0;0;0;0;0;0;0;0;0;0;0
2013-05-28 01;346;0;0;0;0;0;0;0;0;0;0;0;0;0;0;0
2013-05-28 02;345;0;0;0;0;1;8781;8781.0;0;0;0;0;0;0;0;0
2013-05-28 03;347;0;0;0;0;0;0;0;0;0;0;0;0;0;0;0
2013-05-28 04;299;34;0;0;0;0;0;0;0;0;0;0;0;0;0;0
2013-05-28 05;347;0;0;0;0;0;0;0;0;0;0;0;0;0;0;0
2013-05-28 06;348;0;0;0;0;0;0;0;0;0;0;0;0;0;0;0
2013-05-28 07;347;0;0;0;0;0;0;0;0;0;0;0;0;0;0;0
2013-05-28 08;348;0;0;0;0;0;0;0;0;0;0;0;0;0;0;0
2013-05-28 09;347;0;0;0;0;0;0;0;0;0;0;0;0;0;0;0
2013-05-28 10;348;0;0;0;0;0;0;0;0;0;0;0;0;0;0;0
2013-05-28 11;347;0;0;0;0;0;0;0;0;0;0;0;0;0;0;0
2013-05-28 12;347;0;0;0;0;0;0;0;0;0;0;0;0;0;0;0
2013-05-28 13;348;0;0;0;0;0;0;0;0;0;0;0;0;0;0;0
2013-05-28 14;306;0;0;0;0;0;0;0;0;0;0;0;0;0;0;0
2013-05-29 11;129;0;0;5356;5356.0;0;0;0;0;0;0;31;24;1;0;0
2013-05-29 12;343;0;0;0;0;1;4089;4089.0;1;9771;9771.0;49;28;1;0;0
2013-05-29 13;348;0;0;0;0;1;5778;5778.0;0;0;0;54;31;1;0;0
2013-05-29 14;343;0;0;2419;345.57142857142856;0;0;0;0;0;0;50;25;1;0;0
2013-05-29 15;335;0;0;0;0;0;0;0;0;0;0;52;27;1;0;0
2013-05-29 16;225;3;7;353;353.0;0;0;0;0;0;0;128;63;2;0;0
2013-05-29 18;91;0;0;1695;1695.0;0;0;0;0;0;0;12;0;1;0;0
2013-05-29 19;320;24;0;0;0;0;0;0;0;0;0;65;3;1;0;0
2013-05-29 20;348;0;0;0;0;0;0;0;0;0;0;18;0;1;0;0
2013-05-29 21;126;0;0;0;0;0;0;0;0;0;0;18;0;1;0;0
2013-05-08 13;0;0;0;0;0;0;0;0;0;0;0;30;1;1;0;0
2013-05-08 14;0;0;0;0;0;0;0;0;0;0;0;12;0;1;0;0
2013-05-08 15;0;0;0;0;0;0;0;0;0;0;0;23;0;1;0;0
2013-05-08 16;0;0;0;0;0;0;0;0;0;0;0;32;26;1;0;0
2013-05-08 17;0;0;0;0;0;0;0;0;0;0;0;68;32;2;0;0
2013-05-08 18;0;0;0;0;0;0;0;0;0;0;0;96;23;2;0;0
2013-05-08 19;0;0;0;0;0;0;0;0;0;0;0;82;14;2;0;0
2013-03-27 02;0;0;0;0;0;0;0;0;1;35198;35198.0;0;0;0;0;0
